Date,LTIM,INFY,BSOFT,BBOX,ACCELYA
2020-05-26,1705.5299072265625,621.1193237304688,69.62940216064453,47.7400016784668,781.8568115234375
2020-05-27,1712.162353515625,643.8448486328125,73.35188293457031,47.900001525878906,784.5770874023438
2020-05-28,1711.3988037109375,645.6245727539062,71.39519500732422,49.709999084472656,786.064697265625
2020-05-29,1716.599609375,639.2413330078125,71.10885620117188,49.34000015258789,784.4070434570312
2020-06-01,1758.6832275390625,647.1508178710938,73.54278564453125,50.75,795.2879638671875
2020-06-02,1773.5701904296875,655.060546875,73.30416107177734,51.95000076293945,798.0508422851562
2020-06-03,1763.83642578125,649.0010986328125,71.6338119506836,50.47999954223633,801.7486572265625
2020-06-04,1776.146484375,654.7367553710938,76.83573913574219,53.0,803.5762329101562
2020-06-05,1772.329345703125,650.8513793945312,77.93339538574219,58.29999923706055,801.6636352539062
2020-06-08,1784.496337890625,666.8554077148438,79.79462432861328,64.12999725341797,808.251708984375
2020-06-09,1799.1922607421875,663.848876953125,78.50606536865234,67.87999725341797,803.5338134765625
2020-06-10,1801.1962890625,662.2300415039062,77.21752166748047,64.86000061035156,797.0306396484375
2020-06-11,1784.878173828125,651.2213745117188,77.64704132080078,61.619998931884766,798.2633056640625
2020-06-12,1765.4110107421875,640.2127685546875,76.78800201416016,61.58000183105469,809.4418334960938
2020-06-15,1775.3353271484375,636.0498046875,77.31298065185547,61.15999984741211,803.2362670898438
2020-06-16,1790.269775390625,648.6774291992188,76.45394134521484,61.0,807.5715942382812
2020-06-17,1796.32958984375,650.9439086914062,77.26525115966797,61.310001373291016,805.4039916992188
2020-06-18,1791.939697265625,660.4260864257812,77.59931945800781,59.97999954223633,805.5314331054688
2020-06-19,1784.3533935546875,652.701416015625,77.98110961914062,61.08000183105469,803.7887573242188
2020-06-22,1791.653564453125,650.9900512695312,79.41283416748047,61.06999969482422,789.5499267578125
2020-06-23,1799.0968017578125,666.6705322265625,85.56922912597656,62.08000183105469,788.3173828125
2020-06-24,1838.3175048828125,660.6572875976562,83.3261947631836,60.22999954223633,786.064697265625
2020-06-25,1806.254150390625,648.0298461914062,83.99434661865234,59.439998626708984,786.7872924804688
2020-06-26,1840.512451171875,692.1568603515625,87.90771484375,59.08000183105469,781.6868896484375
2020-06-29,1847.9078369140625,676.9390258789062,87.90771484375,56.43000030517578,782.7918701171875
2020-06-30,1868.3773193359375,680.8244018554688,85.37833404541016,58.529998779296875,782.0693359375
2020-07-01,1848.814697265625,677.0778198242188,83.75572204589844,61.45000076293945,782.4518432617188
2020-07-02,1873.005615234375,699.9275512695312,86.66688537597656,62.380001068115234,789.592529296875
2020-07-03,1887.796875,705.57080078125,85.807861328125,62.43000030517578,795.0755615234375
2020-07-06,1908.9814453125,706.7734375,86.42827606201172,61.380001068115234,803.9163208007812
2020-07-07,1917.2362060546875,734.6651000976562,87.0964126586914,60.060001373291016,793.54541015625
2020-07-08,1959.844482421875,716.6719360351562,94.77997589111328,58.13999938964844,791.7603149414062
2020-07-09,2001.9117431640625,723.1476440429688,97.21390533447266,60.029998779296875,801.9611206054688
2020-07-10,2028.498046875,723.286376953125,93.15736389160156,58.150001525878906,806.0414428710938
2020-07-13,2111.57470703125,737.3478393554688,98.74107360839844,57.220001220703125,804.4263916015625
2020-07-14,2154.410888671875,724.5814208984375,96.21170043945312,58.66999816894531,802.8536987304688
2020-07-15,2106.526611328125,768.7086181640625,100.07735443115234,60.65999984741211,805.573974609375
2020-07-16,2203.064453125,842.7623901367188,105.75652313232422,62.619998931884766,805.0213623046875
2020-07-17,2176.91064453125,835.5005493164062,103.6566390991211,64.0199966430664,807.1466064453125
2020-07-20,2163.160400390625,864.3172607421875,102.32038879394531,62.88999938964844,808.3792724609375
2020-07-21,2191.958251953125,866.5836791992188,102.41584014892578,66.01000213623047,842.1697387695312
2020-07-22,2240.99658203125,849.1456909179688,97.97750091552734,64.97000122070312,826.5708618164062
2020-07-23,2174.93896484375,839.9409790039062,101.03182983398438,68.06999969482422,825.2532348632812
2020-07-24,2186.91064453125,853.7249145507812,99.695556640625,68.38999938964844,833.6690063476562
2020-07-27,2333.640625,877.4074096679688,103.46575927734375,67.86000061035156,835.49658203125
2020-07-28,2322.775146484375,890.7286987304688,112.34244537353516,67.06999969482422,841.4471435546875
2020-07-29,2308.11181640625,882.6804809570312,111.43567657470703,67.9800033569336,839.6620483398438
2020-07-30,2294.6982421875,889.43359375,109.95623779296875,65.48999786376953,841.0220947265625
2020-07-31,2323.83349609375,893.6427612304688,114.82408905029297,64.66999816894531,836.7291870117188
2020-08-03,2394.89013671875,885.2244873046875,120.12144470214844,64.9800033569336,841.6596069335938
2020-08-04,2354.361083984375,878.702392578125,116.92394256591797,65.0999984741211,834.1365356445312
2020-08-05,2403.64013671875,873.9381713867188,119.40558624267578,63.7599983215332,832.9464111328125
2020-08-06,2373.9765625,898.1295166015625,136.92030334472656,62.58000183105469,829.291015625
2020-08-07,2372.678955078125,879.673828125,136.34762573242188,64.88999938964844,829.8435668945312
2020-08-10,2422.39013671875,880.090087890625,141.35865783691406,65.33000183105469,857.72607421875
2020-08-11,2419.649658203125,877.4074096679688,139.87921142578125,62.279998779296875,876.852783203125
2020-08-12,2400.611328125,883.42041015625,140.49960327148438,64.0,862.0614013671875
2020-08-13,2376.765625,879.9513549804688,140.6918487548828,64.80000305175781,866.3968505859375
2020-08-14,2346.140625,882.1715087890625,146.02545166015625,64.6500015258789,860.0638427734375
2020-08-17,2347.005859375,885.7794189453125,144.29562377929688,67.72000122070312,864.5266723632812
2020-08-18,2328.976806640625,895.0767211914062,164.71710205078125,69.66000366210938,862.10400390625
2020-08-19,2293.544921875,887.444580078125,166.06251525878906,74.62999725341797,876.8953247070312
2020-08-20,2282.294677734375,883.6055297851562,165.72616577148438,77.05999755859375,887.7762451171875
2020-08-21,2276.477294921875,877.731201171875,166.44688415527344,79.29000091552734,882.8883056640625
2020-08-24,2250.37158203125,876.4359741210938,167.02349853515625,73.79000091552734,890.1138916015625
2020-08-25,2253.112060546875,867.83251953125,166.3507843017578,72.70999908447266,876.8101196289062
2020-08-26,2376.57275390625,879.5813598632812,170.2428741455078,71.81999969482422,887.2236328125
2020-08-27,2400.8037109375,876.1121826171875,167.11959838867188,72.01000213623047,874.2176513671875
2020-08-28,2422.6787109375,865.1961059570312,166.06251525878906,71.08999633789062,865.75927734375
2020-08-31,2363.784423828125,859.044189453125,154.29014587402344,64.43000030517578,861.9340209960938
2020-09-01,2376.57275390625,845.6764526367188,161.882080078125,62.400001525878906,869.2020874023438
2020-09-02,2383.832275390625,854.7887573242188,160.53668212890625,65.19999694824219,878.25537109375
2020-09-03,2392.53466796875,865.4735717773438,163.46775817871094,65.76000213623047,887.2236328125
2020-09-04,2383.255615234375,850.302001953125,161.35353088378906,66.16999816894531,874.9401245117188
2020-09-07,2317.294189453125,855.7600708007812,156.74070739746094,65.79000091552734,895.4268798828125
2020-09-08,2392.631103515625,868.9426879882812,167.02349853515625,65.44000244140625,883.3558959960938
2020-09-09,2361.043701171875,858.2579345703125,157.94195556640625,63.90999984741211,887.3087768554688
2020-09-10,2377.630615234375,869.6365966796875,158.566650390625,67.62000274658203,863.3365478515625
2020-09-11,2403.255615234375,874.86328125,159.71983337402344,66.93000030517578,869.4146728515625
2020-09-14,2549.697021484375,905.114013671875,175.5764923095703,65.6500015258789,876.0877075195312
2020-09-15,2587.29296875,908.8605346679688,172.16490173339844,68.4800033569336,879.0629272460938
2020-09-16,2593.831787109375,926.7149047851562,191.9136505126953,71.56999969482422,881.8682861328125
2020-09-17,2632.629150390625,935.2720947265625,186.43589782714844,70.44999694824219,872.389892578125
2020-09-18,2602.773193359375,927.0850219726562,188.06961059570312,71.43000030517578,877.4053344726562
2020-09-21,2554.84130859375,934.25439453125,182.73599243164062,69.5199966430664,872.0073852539062
2020-09-22,2480.61083984375,932.0341796875,186.29176330566406,69.76000213623047,869.8822021484375
2020-09-23,2354.26513671875,943.36669921875,186.38784790039062,69.5199966430664,874.43017578125
2020-09-24,2321.525634765625,902.3387451171875,176.3933563232422,67.4800033569336,874.1326293945312
2020-09-25,2378.544189453125,935.6883544921875,183.40870666503906,69.11000061035156,876.5552368164062
2020-09-28,2438.49560546875,934.717041015625,190.61630249023438,70.77999877929688,877.9579467773438
2020-09-29,2405.2744140625,933.421875,191.6734161376953,69.48999786376953,877.8303833007812
2020-09-30,2445.707275390625,932.7281494140625,187.58912658691406,69.9000015258789,878.1704711914062
2020-10-01,2430.0341796875,941.4240112304688,186.96444702148438,70.04000091552734,878.5529174804688
2020-10-05,2481.81298828125,970.1481323242188,196.57455444335938,69.81999969482422,880.9331665039062
2020-10-06,2578.06201171875,976.670166015625,196.47845458984375,69.52999877929688,881.6131591796875
2020-10-07,2564.504638671875,986.6611938476562,188.06961059570312,69.95999908447266,885.3961181640625
2020-10-08,2751.33056640625,1011.7775268554688,190.8565673828125,70.08999633789062,885.3536376953125
2020-10-09,2814.64697265625,1023.8963012695312,190.6643524169922,71.22000122070312,886.8837280273438
2020-10-12,3150.655029296875,1047.3011474609375,185.5709991455078,71.83999633789062,887.2662353515625
2020-10-13,3124.741455078125,1071.0762939453125,195.3252410888672,72.01000213623047,889.0087890625
2020-10-14,3202.433837890625,1051.8341064453125,192.3461151123047,73.5,886.5860595703125
2020-10-15,3169.645751953125,1025.237548828125,186.67616271972656,74.48999786376953,847.7802124023438
2020-10-16,2956.85791015625,1043.0457763671875,183.3126220703125,78.86000061035156,870.3922119140625
2020-10-19,2899.26220703125,1041.5655517578125,183.8892364501953,93.79000091552734,842.3822631835938
2020-10-20,2850.7529296875,1052.2967529296875,186.7241973876953,99.08000183105469,834.5614624023438
2020-10-21,2980.608154296875,1062.3341064453125,187.58912658691406,93.93000030517578,832.0963745117188
2020-10-22,2934.5986328125,1044.479736328125,185.28268432617188,104.5999984741211,831.8838500976562
2020-10-23,2943.396484375,1049.57568359375,185.71514892578125,106.83000183105469,834.1790161132812
2020-10-26,2883.82958984375,1040.1783447265625,181.5347442626953,121.55999755859375,807.1466064453125
2020-10-27,2801.25390625,1019.9817504882812,178.5556182861328,123.33999633789062,818.0701293945312
2020-10-28,2792.02490234375,1006.6109008789062,176.8258056640625,129.64999389648438,786.1923217773438
2020-10-29,2834.544677734375,1005.0211791992188,167.8403778076172,130.52000427246094,739.7781982421875
2020-10-30,2820.33935546875,991.697021484375,171.78048706054688,126.05999755859375,733.3600463867188
2020-11-02,2757.138916015625,1002.636962890625,167.6962127685547,117.5,721.5864868164062
2020-11-03,2837.5888671875,993.5203857421875,173.60641479492188,121.23999786376953,718.9937133789062
2020-11-04,2936.834716796875,1022.8803100585938,174.6635284423828,118.70999908447266,690.1762084960938
2020-11-05,3072.077880859375,1032.277587890625,178.8439178466797,116.83999633789062,695.4041748046875
2020-11-06,3061.689453125,1040.4591064453125,173.7505645751953,124.5999984741211,692.8114624023438
2020-11-09,3169.245849609375,1062.712890625,177.06607055664062,126.3499984741211,712.6181640625
2020-11-10,2922.097412109375,1020.1688232421875,170.3870391845703,120.04000091552734,728.2171630859375
2020-11-11,2879.8193359375,1049.57568359375,171.68438720703125,124.18000030517578,728.7695922851562
2020-11-12,2882.9599609375,1045.13427734375,171.0562286376953,125.52999877929688,741.1806640625
2020-11-13,2920.40673828125,1051.1650390625,175.26016235351562,123.20999908447266,723.8817749023438
2020-11-14,2935.6748046875,1059.814208984375,175.7916717529297,124.27999877929688,721.884033203125
2020-11-17,2897.117431640625,1050.6976318359375,177.2412872314453,123.95999908447266,728.7695922851562
2020-11-18,2916.057861328125,1038.4019775390625,178.83590698242188,121.23999786376953,735.9102783203125
2020-11-19,2882.669677734375,1025.49853515625,177.09634399414062,121.01000213623047,738.9280395507812
2020-11-20,2987.617431640625,1031.6695556640625,176.6614532470703,123.0,736.4202880859375
2020-11-23,3154.363525390625,1065.7984619140625,186.51893615722656,120.6500015258789,731.702392578125
2020-11-24,3223.74853515625,1065.9853515625,186.5672607421875,121.0,734.8901977539062
2020-11-25,3003.85205078125,1043.1705322265625,181.63851928710938,121.80000305175781,740.7132568359375
2020-11-26,2985.008056640625,1040.879638671875,179.89894104003906,120.80999755859375,731.5748291015625
2020-11-27,3092.80615234375,1028.537353515625,190.96446228027344,120.72000122070312,736.0377807617188
2020-12-01,3240.66015625,1063.9283447265625,186.76052856445312,121.31999969482422,740.92578125
2020-12-02,3279.60498046875,1066.7801513671875,184.0545654296875,123.5999984741211,743.6884155273438
2020-12-03,3189.635986328125,1053.2689208984375,181.73516845703125,123.73999786376953,773.0585327148438
2020-12-04,3155.330078125,1060.936279296875,181.92843627929688,121.45999908447266,769.1482543945312
2020-12-07,3160.93505859375,1069.21142578125,185.60086059570312,121.37000274658203,764.4302368164062
2020-12-08,3151.75439453125,1078.42138671875,194.2502899169922,119.48999786376953,758.522216796875
2020-12-09,3156.006591796875,1098.8516845703125,199.32400512695312,121.5999984741211,811.3120727539062
2020-12-10,3142.042236328125,1091.8858642578125,198.50253295898438,123.58000183105469,808.5066528320312
2020-12-11,3158.712646484375,1087.6314697265625,193.86370849609375,122.2300033569336,825.67822265625
2020-12-14,3126.145751953125,1088.8939208984375,190.52957153320312,123.16999816894531,843.2322998046875
2020-12-15,3153.397216796875,1079.5902099609375,193.23556518554688,122.9800033569336,893.2593383789062
2020-12-16,3178.329833984375,1089.9691162109375,196.3764190673828,123.80999755859375,867.8844604492188
2020-12-17,3194.806396484375,1083.8912353515625,194.20196533203125,129.9199981689453,842.72216796875
2020-12-18,3243.51123046875,1112.50341796875,200.19375610351562,136.41000366210938,843.4873657226562
2020-12-21,3281.247802734375,1100.8155517578125,195.1200714111328,141.3000030517578,798.943359375
2020-12-22,3452.82568359375,1141.208984375,224.982421875,148.05999755859375,787.1697998046875
2020-12-23,3551.34716796875,1171.6441650390625,252.91195678710938,155.3300018310547,812.672119140625
2020-12-24,3503.65673828125,1155.7489013671875,246.14700317382812,160.6300048828125,813.8622436523438
2020-12-28,3518.297607421875,1159.7225341796875,239.2854461669922,157.63999938964844,816.369873046875
2020-12-29,3488.532958984375,1169.0731201171875,242.8128662109375,152.3800048828125,815.5198364257812
2020-12-30,3538.0107421875,1165.8004150390625,245.2772216796875,147.8699951171875,811.6095581054688
2020-12-31,3536.416748046875,1174.2158203125,238.60894775390625,145.08999633789062,803.9588012695312
2021-01-01,3574.878173828125,1178.5635986328125,240.83169555664062,147.02999877929688,815.0947265625
2021-01-04,3716.015625,1204.557373046875,245.2772216796875,151.61000061035156,819.770263671875
2021-01-05,3990.4638671875,1209.7469482421875,258.90374755859375,155.3800048828125,826.3582763671875
2021-01-06,3823.813720703125,1198.8070068359375,250.64083862304688,151.0500030517578,816.9224853515625
2021-01-07,3752.302734375,1180.1531982421875,253.00857543945312,150.02999877929688,814.8822021484375
2021-01-08,3954.56298828125,1226.858154296875,255.61795043945312,150.02999877929688,822.10791015625
2021-01-11,4102.36865234375,1286.7938232421875,257.0675048828125,148.9199981689453,817.2625732421875
2021-01-12,4141.0234375,1282.6329345703125,257.1641540527344,148.00999450683594,817.47509765625
2021-01-13,4254.37890625,1297.0323486328125,257.30914306640625,149.00999450683594,823.5105590820312
2021-01-14,4243.02392578125,1281.4642333984375,257.3574523925781,148.5,818.1551513671875
2021-01-15,4143.63330078125,1257.5738525390625,248.9496307373047,145.02999877929688,808.1242065429688
2021-01-18,3874.016845703125,1226.811279296875,239.382080078125,144.7100067138672,796.3506469726562
2021-01-19,3953.74169921875,1231.1126708984375,246.3402862548828,147.38999938964844,796.8606567382812
2021-01-20,3953.355224609375,1252.43115234375,250.3026123046875,148.0,802.088623046875
2021-01-21,3845.5087890625,1252.6646728515625,245.13226318359375,150.0500030517578,799.1984252929688
2021-01-22,3797.28662109375,1253.7403564453125,240.44512939453125,152.05999755859375,781.1343383789062
2021-01-25,3762.884521484375,1239.013427734375,238.9471893310547,152.0,778.4990234375
2021-01-27,3890.396728515625,1216.479248046875,249.2395477294922,152.0,777.7764892578125
2021-01-28,3837.294677734375,1193.290283203125,241.6531524658203,151.86000061035156,782.7493286132812
2021-01-29,3830.578369140625,1158.5537109375,241.79812622070312,150.6199951171875,782.3668823242188
2021-02-01,3805.21142578125,1178.9842529296875,241.45989990234375,154.74000549316406,809.69677734375
2021-02-02,3902.7177734375,1188.661865234375,240.25186157226562,161.38999938964844,825.3807373046875
2021-02-03,4160.6884765625,1201.1915283203125,251.70394897460938,169.4499969482422,832.1814575195312
2021-02-04,4158.9501953125,1196.235595703125,260.3050537109375,177.86000061035156,844.8473510742188
2021-02-05,3985.921875,1189.4566650390625,262.2862243652344,169.72999572753906,838.767822265625
2021-02-08,3963.93701171875,1218.863525390625,247.78993225097656,170.1699981689453,823.3484497070312
2021-02-09,3930.98388671875,1220.733642578125,247.74160766601562,169.44000244140625,821.4982299804688
2021-02-10,3865.367431640625,1212.271484375,244.2141571044922,172.5500030517578,794.6244506835938
2021-02-11,3890.928466796875,1208.6717529296875,242.8128662109375,180.69000244140625,798.0167236328125
2021-02-12,3904.022216796875,1224.70751953125,236.14459228515625,181.39999389648438,801.805419921875
2021-02-15,3896.581298828125,1224.5672607421875,235.0814971923828,183.3300018310547,804.5809936523438
2021-02-16,3812.265625,1206.5677490234375,235.0814971923828,181.66000366210938,797.488037109375
2021-02-17,3745.5380859375,1198.05908203125,234.8882293701172,185.6300048828125,791.2322387695312
2021-02-18,3741.09326171875,1208.484619140625,234.50164794921875,190.27999877929688,814.22900390625
2021-02-19,3692.14599609375,1207.4095458984375,230.24940490722656,195.0800018310547,797.8405151367188
2021-02-22,3666.102783203125,1183.0050048828125,224.01602172851562,198.72999572753906,797.5321655273438
2021-02-23,3628.26953125,1184.080322265625,227.54342651367188,201.8300018310547,795.7699584960938
2021-02-24,3593.674072265625,1191.513671875,225.61061096191406,202.2899932861328,790.3070678710938
2021-02-25,3533.517333984375,1191.7476806640625,224.1609649658203,200.0500030517578,791.7608642578125
2021-02-26,3478.77294921875,1171.878173828125,219.28054809570312,199.86000061035156,787.4874877929688
2021-03-01,3486.697265625,1184.68798828125,217.7342987060547,199.82000732421875,789.8665161132812
2021-03-02,3703.887939453125,1219.7518310546875,229.1863555908203,200.57000732421875,790.659423828125
2021-03-03,3779.6025390625,1256.264892578125,234.26004028320312,200.36000061035156,798.8096923828125
2021-03-04,3792.696533203125,1243.9222412109375,229.37965393066406,200.49000549316406,804.8893432617188
2021-03-05,3715.822509765625,1231.1590576171875,225.90052795410156,195.8300018310547,801.4970092773438
2021-03-08,3736.164306640625,1248.9715576171875,223.72607421875,200.52000427246094,799.2062377929688
2021-03-09,3765.445556640625,1258.1348876953125,223.72607421875,200.13999938964844,801.012451171875
2021-03-10,3990.077392578125,1279.2667236328125,232.3755340576172,198.89999389648438,793.7433471679688
2021-03-12,3880.974609375,1285.53125,236.19290161132812,200.08999633789062,791.2322387695312
2021-03-15,3949.87646484375,1284.3624267578125,238.41566467285156,201.25999450683594,791.8049926757812
2021-03-16,3977.5146484375,1294.0867919921875,245.76043701171875,200.1699981689453,784.6239624023438
2021-03-17,3912.1396484375,1296.8922119140625,237.6425018310547,204.8699951171875,777.9276123046875
2021-03-18,3872.66357421875,1250.23388671875,233.24533081054688,205.7899932861328,776.6058959960938
2021-03-19,3938.038330078125,1257.1063232421875,236.77273559570312,207.27000427246094,789.2056884765625
2021-03-22,3955.43310546875,1281.7445068359375,239.8652801513672,207.97999572753906,790.042724609375
2021-03-23,3898.803466796875,1282.446044921875,241.74981689453125,211.57000732421875,784.4036254882812
2021-03-24,3838.599365234375,1265.8021240234375,243.1994171142578,222.13999938964844,776.5177001953125
2021-03-25,3708.623046875,1247.1483154296875,236.4344940185547,232.7100067138672,756.3404541015625
2021-03-26,3814.488525390625,1249.3922119140625,244.359130859375,234.7100067138672,763.6976318359375
2021-03-30,4022.981689453125,1295.302490234375,244.26248168945312,245.88999938964844,763.609619140625
2021-03-31,3917.93798828125,1279.17333984375,244.55242919921875,258.17999267578125,753.256591796875
2021-04-01,3974.470458984375,1295.208984375,253.34681701660156,271.0799865722656,770.7905883789062
2021-04-05,4125.89990234375,1318.304443359375,260.7882385253906,280.3800048828125,764.8871459960938
2021-04-06,4114.3515625,1319.379638671875,261.5613708496094,294.3900146484375,770.5702514648438
2021-04-07,4153.876953125,1337.2855224609375,261.899658203125,309.1000061035156,781.6281127929688
2021-04-08,4180.54736328125,1346.3087158203125,257.9373474121094,324.54998779296875,805.9907836914062
2021-04-09,4231.330078125,1347.4307861328125,262.6244812011719,308.3299865722656,796.2544555664062
2021-04-12,4114.54541015625,1333.124755859375,248.2248077392578,292.9200134277344,764.6228637695312
2021-04-13,3970.073486328125,1306.3828125,248.5630645751953,279.8399963378906,772.5087280273438
2021-04-15,3909.143798828125,1272.347412109375,244.40745544433594,293.8299865722656,761.6270751953125
2021-04-16,3952.340576171875,1265.8021240234375,244.359130859375,291.8699951171875,760.4375
2021-04-19,3926.68359375,1274.030517578125,240.3001708984375,306.4599914550781,739.4232177734375
2021-04-20,3835.74853515625,1263.55810546875,236.821044921875,319.739990234375,746.0315551757812
2021-04-22,3783.564697265625,1263.3243408203125,235.3231201171875,332.8800048828125,743.5203247070312
2021-04-23,3769.842529296875,1247.1483154296875,246.38861083984375,334.2699890136719,747.4852905273438
2021-04-26,3801.732421875,1256.264892578125,246.24366760253906,339.4800109863281,756.2963256835938
2021-04-27,3778.201416015625,1260.8934326171875,243.34439086914062,333.5,763.1249389648438
2021-04-28,3759.98583984375,1267.9061279296875,242.08804321289062,331.7900085449219,764.0501708984375
2021-04-29,3721.475830078125,1268.2332763671875,237.59420776367188,325.2200012207031,842.77685546875
2021-04-30,3759.40576171875,1266.3631591796875,237.44921875,317.7300109863281,813.9205932617188
2021-05-03,3791.6337890625,1264.212646484375,234.64662170410156,320.42999267578125,793.8755493164062
2021-05-04,3717.0302734375,1243.0343017578125,233.728515625,321.92999267578125,779.4253540039062
2021-05-05,3783.468017578125,1254.3480224609375,236.0479278564453,312.0199890136719,785.372802734375
2021-05-06,3684.125732421875,1273.14208984375,244.55242919921875,300.7900085449219,795.2412109375
2021-05-07,3641.847412109375,1264.6800537109375,243.92422485351562,288.4700012207031,782.7294921875
2021-05-10,3542.166748046875,1252.5247802734375,242.1363525390625,274.04998779296875,780.3505859375
2021-05-11,3497.1337890625,1244.2030029296875,247.25840759277344,281.9200134277344,781.8043212890625
2021-05-12,3538.832275390625,1240.7901611328125,245.2772216796875,283.19000244140625,781.1875
2021-05-14,3477.323486328125,1230.878662109375,247.54830932617188,273.6700134277344,793.6992797851562
2021-05-17,3463.117431640625,1243.0343017578125,251.6555938720703,259.989990234375,784.3154907226562
2021-05-18,3513.127197265625,1252.945556640625,257.74407958984375,260.2799987792969,794.4923095703125
2021-05-19,3621.650146484375,1250.1402587890625,260.45001220703125,263.4599914550781,771.5835571289062
2021-05-20,3550.1875,1252.291015625,260.7882385253906,276.6300048828125,764.3145141601562
2021-05-21,3532.696044921875,1266.50341796875,258.130615234375,290.4599914550781,756.5166625976562
2021-05-24,3541.006591796875,1260.4725341796875,287.94464111328125,289.7099914550781,791.8929443359375
2021-05-25,3582.80224609375,1273.14208984375,298.28533935546875,294.3900146484375,791.3202514648438
2021-05-26,3672.046142578125,1306.4761962890625,310.4139404296875,296.0299987792969,835.287353515625
2021-05-27,3792.310546875,1311.1512451171875,315.8258361816406,299.32000732421875,875.2454833984375
2021-05-28,3798.25341796875,1313.76953125,310.8971252441406,292.8399963378906,930.1824340820312
2021-05-31,3809.801513671875,1317.266357421875,305.8717346191406,281.4700012207031,933.6187744140625
2021-06-01,3759.7919921875,1311.075927734375,300.7980041503906,282.7799987792969,922.8252563476562
2021-06-02,3709.34765625,1302.9951171875,306.0650329589844,281.29998779296875,906.9213256835938
2021-06-03,3708.429443359375,1313.391357421875,316.888916015625,280.79998779296875,898.066162109375
2021-06-04,3726.887451171875,1309.6109619140625,322.1075439453125,273.1400146484375,964.7658081054688
2021-06-07,3758.970947265625,1313.391357421875,331.09527587890625,269.3699951171875,982.2117309570312
2021-06-08,3866.623779296875,1335.41259765625,364.0984802246094,260.510009765625,995.7807006835938
2021-06-09,3804.099853515625,1337.6339111328125,365.8380432128906,258.3900146484375,967.8937377929688
2021-06-10,3899.14208984375,1346.139892578125,377.8216857910156,260.5,1060.7623291015625
2021-06-11,4033.467041015625,1367.4998779296875,388.8871154785156,261.8699951171875,1063.405517578125
2021-06-14,4027.136962890625,1381.5821533203125,384.393310546875,258.7300109863281,1047.0609130859375
2021-06-15,4013.656494140625,1393.0181884765625,387.05096435546875,259.2799987792969,1026.70751953125
2021-06-16,4067.91796875,1399.350341796875,393.71923828125,263.6000061035156,1049.3077392578125
2021-06-17,4029.93994140625,1413.2440185546875,386.66436767578125,262.3699951171875,1030.7606201171875
2021-06-18,3935.52587890625,1420.8048095703125,380.76922607421875,250.47000122070312,1034.064697265625
2021-06-21,3941.662109375,1417.969482421875,369.7037048339844,255.41000366210938,1046.5323486328125
2021-06-22,3972.537109375,1428.885498046875,372.69964599609375,247.50999450683594,1076.6220703125
2021-06-23,3980.364990234375,1420.6629638671875,374.7774353027344,243.7100067138672,1051.5106201171875
2021-06-24,4044.193603515625,1473.6370849609375,372.89288330078125,239.4499969482422,1038.954833984375
2021-06-25,4073.66796875,1487.8140869140625,369.7520446777344,237.49000549316406,1050.58544921875
2021-06-28,3983.505615234375,1485.545654296875,372.98956298828125,231.3300018310547,1026.487060546875
2021-06-29,3995.102294921875,1477.2760009765625,379.7061767578125,222.0,1017.5440673828125
2021-06-30,3934.3662109375,1494.0518798828125,386.18121337890625,213.57000732421875,1026.3109130859375
2021-07-01,3905.682373046875,1474.7713623046875,390.1435241699219,222.9600067138672,1044.197265625
2021-07-02,3931.01171875,1481.7652587890625,384.0550842285156,234.10000610351562,1080.234619140625
2021-07-05,3934.706298828125,1492.3033447265625,377.2417907714844,245.72999572753906,1211.4312744140625
2021-07-06,3910.009033203125,1476.4725341796875,371.8782043457031,258.0,1166.45068359375
2021-07-07,3923.184326171875,1478.7408447265625,370.71844482421875,261.9100036621094,1172.9708251953125
2021-07-08,3930.67138671875,1475.10205078125,378.30487060546875,256.69000244140625,1179.4912109375
2021-07-09,3941.95068359375,1477.1341552734375,374.9223937988281,252.17999267578125,1231.696533203125
2021-07-12,3923.81640625,1462.909912109375,375.1156311035156,255.02000427246094,1285.267578125
2021-07-13,3906.702880859375,1460.169189453125,371.97479248046875,250.2899932861328,1324.6090087890625
2021-07-14,4098.15625,1490.3658447265625,377.9183044433594,242.8000030517578,1308.3525390625
2021-07-15,4297.9716796875,1494.0518798828125,407.87554931640625,243.49000549316406,1285.84033203125
2021-07-16,4169.962890625,1470.093017578125,408.55633544921875,244.57000732421875,1264.4295654296875
2021-07-19,4258.44580078125,1457.097412109375,395.4743957519531,244.2100067138672,1236.89501953125
2021-07-20,4237.05419921875,1464.9892578125,391.0975036621094,237.36000061035156,1194.5137939453125
2021-07-22,4284.26220703125,1502.93603515625,394.3558654785156,245.1999969482422,1265.707275390625
2021-07-23,4240.5546875,1503.1722412109375,387.10968017578125,245.0399932861328,1238.789306640625
2021-07-26,4231.02587890625,1515.8841552734375,389.68719482421875,240.61000061035156,1232.3572998046875
2021-07-27,4229.0810546875,1514.6083984375,393.67498779296875,237.86000061035156,1205.2193603515625
2021-07-28,4236.76318359375,1517.490966796875,394.6962585449219,237.25999450683594,1215.2198486328125
2021-07-29,4511.30224609375,1528.2652587890625,394.16131591796875,234.8699951171875,1199.976806640625
2021-07-30,4564.603515625,1522.1221923828125,390.65985107421875,238.1199951171875,1206.1884765625
2021-08-02,4582.24169921875,1542.016845703125,386.3316650390625,233.47999572753906,1188.0819091796875
2021-08-03,4599.634765625,1564.3690185546875,383.26776123046875,229.7899932861328,1194.3818359375
2021-08-04,4574.88427734375,1558.74560546875,381.4684143066406,231.0,1173.191162109375
2021-08-05,4584.43408203125,1562.8095703125,391.1461181640625,230.11000061035156,1229.3175048828125
2021-08-06,4640.8046875,1559.6434326171875,391.3406982421875,233.1999969482422,1286.9417724609375
2021-08-09,4626.9677734375,1572.0247802734375,389.1522521972656,231.22999572753906,1242.842529296875
2021-08-10,4666.57861328125,1585.2091064453125,399.4621887207031,228.3800048828125,1186.3197021484375
2021-08-11,4632.86376953125,1585.4925537109375,396.98193359375,226.1199951171875,1177.3763427734375
2021-08-12,4752.3779296875,1596.8814697265625,411.6688232421875,226.1999969482422,1184.42529296875
2021-08-13,4738.19970703125,1618.2410888671875,410.1612243652344,226.44000244140625,1171.384765625
2021-08-16,4652.74072265625,1610.8692626953125,415.85113525390625,228.41000366210938,1119.48779296875
2021-08-17,4832.08740234375,1646.0750732421875,416.9696960449219,220.3800048828125,1143.4981689453125
2021-08-18,4854.4501953125,1638.3248291015625,410.355712890625,215.8699951171875,1126.404541015625
2021-08-20,4792.52490234375,1637.8526611328125,403.352783203125,216.2100067138672,1110.5006103515625
2021-08-23,4923.927734375,1643.334228515625,403.0123291015625,208.02000427246094,1077.723388671875
2021-08-24,4854.98681640625,1626.4163818359375,401.5047302246094,199.94000244140625,1121.9549560546875
2021-08-25,4957.837890625,1640.309814453125,399.1704406738281,196.66000366210938,1134.1583251953125
2021-08-26,5006.36474609375,1632.8905029296875,394.0154113769531,194.08999633789062,1131.691162109375
2021-08-27,5099.8134765625,1615.0277099609375,395.8634338378906,191.5500030517578,1112.1746826171875
2021-08-30,5138.1572265625,1604.8675537109375,401.9424743652344,184.9600067138672,1122.8800048828125
2021-08-31,5176.64794921875,1612.806640625,405.6870422363281,185.27999877929688,1101.204833984375
2021-09-01,5145.6123046875,1585.6815185546875,398.1977844238281,184.02000427246094,1093.451171875
2021-09-02,5251.2412109375,1596.4088134765625,400.9211730957031,182.3699951171875,1117.10888671875
2021-09-03,5321.64404296875,1607.3250732421875,403.352783203125,191.47999572753906,1164.820556640625
2021-09-06,5304.93212890625,1635.4423828125,398.3923034667969,201.0500030517578,1148.387939453125
2021-09-07,5266.63671875,1612.9957275390625,400.1916809082031,211.10000610351562,1136.6695556640625
2021-09-08,5260.30322265625,1600.3309326171875,388.76318359375,221.64999389648438,1147.8153076171875
2021-09-09,5295.62646484375,1598.771484375,392.6051025390625,231.8699951171875,1141.9119873046875
2021-09-13,5348.63525390625,1599.05517578125,397.5655517578125,243.4600067138672,1143.8944091796875
2021-09-14,5437.748046875,1593.620849609375,397.7114562988281,255.6300048828125,1129.8848876953125
2021-09-15,5505.4228515625,1617.5322265625,414.0517883300781,264.9700012207031,1127.6820068359375
2021-09-16,5527.29833984375,1608.837158203125,411.4742736816406,251.72999572753906,1139.356689453125
2021-09-17,5569.1513671875,1598.4881591796875,408.9454040527344,239.14999389648438,1126.05224609375
2021-09-20,5405.640625,1595.227294921875,399.9971618652344,227.1999969482422,1106.800048828125
2021-09-21,5593.02490234375,1624.1483154296875,399.07318115234375,215.83999633789062,1162.4417724609375
2021-09-22,5698.7998046875,1622.6832275390625,422.9513854980469,208.58999633789062,1182.7510986328125
2021-09-23,5882.38427734375,1646.9256591796875,427.8631896972656,208.4499969482422,1190.9014892578125
2021-09-24,6072.05810546875,1667.0567626953125,432.6291198730469,210.41000366210938,1172.001708984375
2021-09-27,5827.32861328125,1626.7000732421875,419.20672607421875,207.50999450683594,1158.476806640625
2021-09-28,5623.81689453125,1594.5185546875,406.4165344238281,204.05999755859375,1135.5679931640625
2021-09-29,5597.7509765625,1599.385986328125,398.8299560546875,200.88999938964844,1124.818603515625
2021-09-30,5617.775390625,1583.2716064453125,398.44091796875,201.3699951171875,1114.641845703125
2021-10-01,5603.7919921875,1573.7730712890625,386.3802795410156,204.1999969482422,1113.1878662109375
2021-10-04,5591.4658203125,1586.626708984375,395.37713623046875,200.13999938964844,1181.8699951171875
2021-10-05,5618.01904296875,1599.9056396484375,399.7053527832031,199.00999450683594,1154.1153564453125
2021-10-06,5543.42626953125,1581.712158203125,396.6901550292969,200.9499969482422,1133.277099609375
2021-10-07,5629.9072265625,1598.20458984375,414.0031433105469,201.72000122070312,1145.1280517578125
2021-10-08,5830.59228515625,1629.251708984375,423.4863586425781,205.61000061035156,1146.49365234375
2021-10-11,5728.86083984375,1598.1572265625,415.4134216308594,201.7100067138672,1159.093505859375
2021-10-12,5675.072265625,1592.6756591796875,405.4925537109375,204.4600067138672,1184.02880859375
2021-10-13,5799.21533203125,1615.4056396484375,411.86334228515625,202.97999572753906,1188.830810546875
2021-10-14,5942.994140625,1621.5963134765625,418.4286193847656,199.0800018310547,1238.172607421875
2021-10-18,5754.87890625,1693.8038330078125,418.2826843261719,199.77000427246094,1213.4576416015625
2021-10-19,6679.9111328125,1722.157470703125,420.8602600097656,197.67999267578125,1155.9654541015625
2021-10-20,6762.73876953125,1703.444091796875,404.3254089355469,194.9199981689453,1164.6883544921875
2021-10-21,6483.22119140625,1657.41650390625,405.881591796875,194.0,1161.876953125
2021-10-22,6376.2275390625,1625.424072265625,403.3041076660156,192.63999938964844,1169.3299560546875
2021-10-25,6261.90869140625,1613.846435546875,386.3316650390625,195.00999450683594,1134.876220703125
2021-10-26,6354.88818359375,1624.477783203125,389.24957275390625,200.61000061035156,1220.3857421875
2021-10-27,6503.24462890625,1648.5537109375,395.13397216796875,201.67999267578125,1108.18798828125
2021-10-28,6533.3271484375,1624.6685791015625,407.9728088378906,194.8800048828125,1077.8846435546875
2021-10-29,6526.44091796875,1590.199462890625,395.3285217285156,191.99000549316406,1074.983642578125
2021-11-01,6643.49560546875,1620.99755859375,401.35882568359375,192.0,1062.6661376953125
2021-11-02,6595.3935546875,1618.9476318359375,398.3326416015625,190.75999450683594,1055.793212890625
2021-11-03,6578.9375,1623.3336181640625,394.42791748046875,196.80999755859375,1034.90673828125
2021-11-04,6607.21240234375,1629.2452392578125,399.0159912109375,196.55999755859375,1069.9407958984375
2021-11-08,6668.6455078125,1656.7061767578125,406.33740234375,189.44000244140625,1069.360595703125
2021-11-09,6680.12060546875,1661.4737548828125,424.05517578125,198.91000366210938,1066.236572265625
2021-11-10,6676.3603515625,1659.2330322265625,414.9278259277344,193.24000549316406,1049.67919921875
2021-11-11,6786.67626953125,1652.7015380859375,410.8278503417969,196.64999389648438,1047.313720703125
2021-11-12,7074.3076171875,1697.4205322265625,415.5135498046875,197.39999389648438,1058.649658203125
2021-11-15,7029.478515625,1704.047607421875,410.53497314453125,191.75,1039.0126953125
2021-11-16,7121.23681640625,1708.9581298828125,428.1063232421875,189.64999389648438,1052.7138671875
2021-11-17,7224.52001953125,1704.3333740234375,463.73712158203125,185.02000427246094,1044.1004638671875
2021-11-18,6980.93701171875,1696.6578369140625,458.07525634765625,178.0500030517578,1016.2072143554688
2021-11-22,6670.30517578125,1677.5877685546875,445.8728942871094,169.14999389648438,1008.1738891601562
2021-11-23,6765.775390625,1656.134033203125,488.43463134765625,173.13999938964844,1040.6195068359375
2021-11-24,6591.63427734375,1617.1358642578125,475.74420166015625,174.41000366210938,1046.778076171875
2021-11-25,6690.0341796875,1642.3082275390625,487.8489074707031,167.66000366210938,1025.6239013671875
2021-11-26,6493.234375,1612.98828125,460.076416015625,163.25999450683594,983.1815185546875
2021-11-29,6591.14599609375,1617.4697265625,462.8585510253906,156.69000244140625,910.4358520507812
2021-11-30,6650.8701171875,1633.0115966796875,463.6395568847656,164.52000427246094,950.9592895507812
2021-12-01,6750.97900390625,1635.156982421875,476.476318359375,172.74000549316406,940.1143188476562
2021-12-02,6786.67626953125,1666.956298828125,477.1596374511719,181.3699951171875,943.7294311523438
2021-12-03,6689.10693359375,1654.846923828125,471.4490051269531,190.42999267578125,993.3569946289062
2021-12-06,6403.13525390625,1616.468505859375,456.56219482421875,186.47999572753906,950.8253784179688
2021-12-07,6403.4775390625,1632.0582275390625,462.2728576660156,181.67999267578125,946.8978881835938
2021-12-08,6492.74560546875,1671.819091796875,470.1311340332031,177.07000732421875,983.0030517578125
2021-12-09,6452.01806640625,1681.449462890625,473.25494384765625,181.86000061035156,992.7319946289062
2021-12-10,6458.953125,1677.4447021484375,467.59307861328125,177.72000122070312,981.1285400390625
2021-12-13,6612.68212890625,1663.523681640625,492.33935546875,172.02000427246094,984.7434692382812
2021-12-14,6514.4765625,1670.6749267578125,493.6083984375,174.97000122070312,971.5332641601562
2021-12-15,6519.94580078125,1653.5595703125,489.4107971191406,171.00999450683594,967.9183959960938
2021-12-16,6680.0234375,1689.220458984375,493.2667541503906,172.9600067138672,947.835205078125
2021-12-17,6815.53662109375,1736.180419921875,485.9941711425781,166.52000427246094,924.2262573242188
2021-12-20,6578.9375,1715.2510986328125,456.4645690917969,169.2899932861328,860.8975219726562
2021-12-21,6813.73046875,1727.3604736328125,462.9073791503906,163.38999938964844,875.58056640625
2021-12-22,6959.79150390625,1739.8511962890625,488.8251037597656,160.8000030517578,884.7294311523438
2021-12-23,6869.44970703125,1771.221435546875,515.9142456054688,166.49000549316406,906.0176391601562
2021-12-24,6999.39599609375,1776.8470458984375,517.9154663085938,166.67999267578125,897.8950805664062
2021-12-27,7013.75341796875,1779.3739013671875,514.1083374023438,164.55999755859375,888.790771484375
2021-12-28,7102.33837890625,1800.207763671875,527.140380859375,163.2899932861328,896.7794189453125
2021-12-29,7093.6943359375,1797.871826171875,521.9666137695312,164.38999938964844,921.4147338867188
2021-12-30,7122.40869140625,1804.8323974609375,528.2142333984375,161.3300018310547,918.5138549804688
2021-12-31,7160.9873046875,1799.9696044921875,531.728515625,163.3300018310547,951.0484619140625
2022-01-03,7357.15283203125,1810.171875,553.4485473632812,193.97000122070312,977.5136108398438
2022-01-04,7385.37890625,1810.8394775390625,546.2736206054688,187.97000122070312,968.8109130859375
2022-01-05,7146.43505859375,1758.8736572265625,537.8297119140625,194.25999450683594,969.9266357421875
2022-01-06,7023.52001953125,1733.272216796875,546.0296020507812,206.41000366210938,956.9841918945312
2022-01-07,7037.38916015625,1729.9349365234375,563.5520629882812,200.82000732421875,988.0460815429688
2022-01-10,6937.86572265625,1764.6900634765625,557.98779296875,197.00999450683594,982.6904907226562
2022-01-11,7006.81884765625,1769.314453125,558.23193359375,194.9199981689453,983.7616577148438
2022-01-12,7003.49853515625,1790.1484375,561.306884765625,198.08999633789062,996.838134765625
2022-01-13,6966.23828125,1808.5987548828125,556.0354614257812,195.77000427246094,986.037841796875
2022-01-14,6913.25341796875,1839.6351318359375,543.735595703125,193.83999633789062,973.8541259765625
2022-01-17,6937.32861328125,1849.313232421875,536.4629516601562,191.47000122070312,973.6309204101562
2022-01-18,6709.27490234375,1831.43505859375,521.9666137695312,191.22000122070312,963.4107055664062
2022-01-19,6540.84716796875,1780.232177734375,500.685791015625,188.27000427246094,956.359375
2022-01-20,6452.36083984375,1738.8978271484375,490.1429443359375,186.9600067138672,961.7594604492188
2022-01-21,6244.669921875,1702.664794921875,475.6465759277344,183.69000244140625,954.7528076171875
2022-01-24,5829.8759765625,1656.038818359375,439.7717590332031,170.9499969482422,903.7415771484375
2022-01-25,5893.40869140625,1642.0699462890625,450.11932373046875,181.22999572753906,897.31494140625
2022-01-27,5611.6865234375,1600.544921875,427.4717712402344,179.3800048828125,927.9752197265625
2022-01-28,5773.66796875,1607.7916259765625,434.5003356933594,180.38999938964844,929.804931640625
2022-01-31,6124.099609375,1655.4666748046875,464.2740173339844,176.44000244140625,939.8464965820312
2022-02-01,6148.5654296875,1689.6495361328125,460.759765625,175.32000732421875,941.1408081054688
2022-02-02,6247.55078125,1703.999755859375,465.3966369628906,174.25,976.3533325195312
2022-02-03,6053.73046875,1657.7073974609375,463.883544921875,174.86000061035156,973.4518432617188
2022-02-04,6135.47802734375,1660.138671875,456.2693176269531,170.30999755859375,979.0280151367188
2022-02-07,5984.72802734375,1635.2523193359375,441.9681701660156,175.74000549316406,930.158203125
2022-02-08,6000.64794921875,1637.445556640625,432.0110778808594,169.0399932861328,901.7791748046875
2022-02-09,6143.97509765625,1656.5155029296875,444.896728515625,171.44000244140625,920.2301025390625
2022-02-10,6170.05224609375,1687.3134765625,452.02288818359375,165.14999389648438,923.4034423828125
2022-02-11,5859.90869140625,1641.30712890625,442.21221923828125,165.4499969482422,912.296630859375
2022-02-14,5748.07958984375,1603.9775390625,412.48736572265625,160.60000610351562,894.8884887695312
2022-02-15,5960.31103515625,1657.4212646484375,436.50152587890625,157.49000549316406,898.1978759765625
2022-02-16,5862.8876953125,1652.7015380859375,433.6217956542969,159.00999450683594,900.4192504882812
2022-02-17,5795.7900390625,1644.5966796875,429.3753662109375,155.5500030517578,894.2538452148438
2022-02-18,5723.95458984375,1627.57666015625,416.5385437011719,175.5,893.1658325195312
2022-02-21,5724.58984375,1650.222412109375,403.0671691894531,163.39999389648438,886.2297973632812
2022-02-22,5851.31396484375,1653.7027587890625,406.7767028808594,172.58999633789062,883.8270874023438
2022-02-23,5773.912109375,1661.8074951171875,404.9219055175781,169.35000610351562,881.4243774414062
2022-02-24,5470.31298828125,1600.115966796875,373.0982666015625,156.61000061035156,826.4797973632812
2022-02-25,5581.9951171875,1615.801025390625,393.9398193359375,165.19000244140625,846.2000122070312
2022-02-28,5713.35791015625,1635.8245849609375,397.9421691894531,168.3800048828125,822.4905395507812
2022-03-02,5724.58984375,1623.619873046875,411.1206970214844,168.57000732421875,818.364990234375
2022-03-03,5876.169921875,1640.830322265625,419.6135559082031,163.1199951171875,822.7625122070312
2022-03-04,5966.1708984375,1643.16650390625,427.5205993652344,160.6300048828125,819.2717895507812
2022-03-07,6067.84326171875,1658.9468994140625,420.8337707519531,158.25,802.4529418945312
2022-03-08,6287.59521484375,1695.5135498046875,440.4551086425781,153.07000732421875,820.495849609375
2022-03-09,6225.86865234375,1729.029052734375,445.2872009277344,157.77000427246094,892.7578125
2022-03-10,6138.994140625,1740.99560546875,439.2836608886719,163.82000732421875,873.8989868164062
2022-03-11,6079.0263671875,1737.2767333984375,442.4562683105469,162.3300018310547,873.3096313476562
2022-03-14,6126.05322265625,1802.7822265625,441.4800720214844,159.72000122070312,884.0989990234375
2022-03-15,5896.9736328125,1753.7724609375,426.49560546875,156.77999877929688,879.520263671875
2022-03-16,5885.15576171875,1801.5428466796875,431.9622802734375,161.77000427246094,921.9981079101562
2022-03-17,5971.25,1768.36083984375,433.37774658203125,161.25999450683594,915.1526489257812
2022-03-21,5852.63232421875,1766.8831787109375,433.1824645996094,159.33999633789062,909.1686401367188
2022-03-22,5974.86328125,1799.6358642578125,454.8050231933594,159.75,902.731201171875
2022-03-23,5931.1572265625,1785.3333740234375,456.4157409667969,159.7100067138672,891.6697998046875
2022-03-24,6033.26904296875,1798.9683837890625,468.6668701171875,152.1199951171875,886.8644409179688
2022-03-25,6039.03125,1789.290283203125,454.8050231933594,150.7899932861328,871.904296875
2022-03-28,5929.7900390625,1786.7635498046875,443.1883850097656,144.3699951171875,865.3309326171875
2022-03-29,5883.73974609375,1798.301025390625,445.1895751953125,142.7100067138672,844.8399658203125
2022-03-30,6163.1669921875,1815.4161376953125,443.3836669921875,152.41000366210938,846.8800048828125
2022-03-31,6011.8310546875,1818.181396484375,444.1158142089844,150.8000030517578,841.3946533203125
2022-04-01,6029.5087890625,1815.0347900390625,455.48834228515625,153.6999969482422,860.2534790039062
2022-04-04,6153.3994140625,1795.392822265625,460.61334228515625,154.9199981689453,879.4296264648438
2022-04-05,6189.78076171875,1774.5587158203125,477.9894104003906,158.17999267578125,870.4082641601562
2022-04-06,6177.962890625,1743.8084716796875,470.9609069824219,155.19000244140625,879.4750366210938
2022-04-07,6061.49462890625,1726.7884521484375,473.3525695800781,154.11000061035156,873.762939453125
2022-04-08,6009.68212890625,1730.220947265625,477.94061279296875,155.8800048828125,887.4537353515625
2022-04-11,5918.41162109375,1684.4052734375,484.6275329589844,160.7899932861328,872.0855712890625
2022-04-12,5772.69140625,1661.4259033203125,449.53363037109375,163.1699981689453,867.144287109375
2022-04-13,5897.9501953125,1667.242431640625,441.6264953613281,163.25,878.7496948242188
2022-04-18,5736.65185546875,1546.0048828125,414.8790283203125,161.75999450683594,864.9682006835938
2022-04-19,5344.7119140625,1489.366943359375,415.7575988769531,159.32000732421875,846.8800048828125
2022-04-20,5049.70703125,1513.871826171875,409.5588073730469,155.4600067138672,856.6268310546875
2022-04-21,4958.53515625,1543.5257568359375,421.37066650390625,159.5500030517578,859.845458984375
2022-04-22,4975.0400390625,1511.7264404296875,409.8028564453125,160.30999755859375,875.6216430664062
2022-04-25,4742.7861328125,1488.5086669921875,400.675537109375,158.5,889.6751098632812
2022-04-26,4704.74560546875,1507.4833984375,411.51116943359375,156.86000061035156,887.6351318359375
2022-04-27,4704.5986328125,1480.5947265625,407.8504638671875,158.36000061035156,877.6617431640625
2022-04-28,4772.0869140625,1509.0089111328125,414.9766540527344,159.27999877929688,882.8297119140625
2022-04-29,4726.18310546875,1494.6588134765625,404.0433349609375,158.57000732421875,880.8803100585938
2022-05-02,4606.63818359375,1469.3433837890625,396.96600341796875,157.44000244140625,897.65380859375
2022-05-04,4627.63671875,1464.1468505859375,395.69696044921875,156.3800048828125,920.1847534179688
2022-05-05,4654.0556640625,1511.4405517578125,405.7516784667969,156.6199951171875,938.363525390625
2022-05-06,4485.87158203125,1471.107421875,385.4469909667969,155.77000427246094,913.7019653320312
2022-05-09,4345.13330078125,1497.32861328125,377.7351379394531,152.1699981689453,889.0404052734375
2022-05-10,4231.10693359375,1480.7855224609375,367.4363708496094,148.1300048828125,871.2243041992188
2022-05-11,4151.6044921875,1455.7559814453125,354.55072021484375,143.63999938964844,858.2587890625
2022-05-12,4063.899658203125,1438.6407470703125,354.84356689453125,139.22000122070312,863.608154296875
2022-05-13,4014.821533203125,1434.4454345703125,349.42578125,167.0,863.018798828125
2022-05-16,3999.292236328125,1419.856689453125,353.5257263183594,184.89999389648438,867.6881713867188
2022-05-17,4181.97998046875,1447.8419189453125,374.7577819824219,172.10000610351562,886.0484008789062
2022-05-18,4115.7119140625,1439.0220947265625,380.0779724121094,171.39999389648438,882.92041015625
2022-05-19,3898.743408203125,1360.7874755859375,373.8304443359375,159.25,855.94677734375
2022-05-20,3949.18896484375,1387.4854736328125,374.3673095703125,169.0,865.0135498046875
2022-05-23,4050.4208984375,1400.119384765625,369.0959167480469,165.0,862.6109008789062
2022-05-24,3916.61669921875,1373.993408203125,364.8006896972656,162.0500030517578,858.3948364257812
2022-05-25,3734.515625,1344.8638916015625,335.0758056640625,161.10000610351562,836.2265625
2022-05-26,3783.886474609375,1357.7362060546875,345.2769775390625,159.85000610351562,848.2853393554688
2022-05-27,3904.750244140625,1393.3970947265625,354.0138244628906,164.3000030517578,844.6586303710938
2022-05-30,4093.34619140625,1455.8038330078125,364.3125915527344,167.0,857.5787353515625
2022-05-31,4154.486328125,1448.8658447265625,361.7745056152344,162.4499969482422,853.8161010742188
2022-06-01,4105.26123046875,1424.727783203125,359.38287353515625,160.3000030517578,852.320068359375
2022-06-02,4232.52197265625,1453.105712890625,363.4339904785156,159.1999969482422,855.9014282226562
2022-06-03,4233.9384765625,1466.306884765625,372.3661804199219,159.64999389648438,857.5787353515625
2022-06-06,4233.98779296875,1474.35302734375,359.8709716796875,158.8000030517578,834.7759399414062
2022-06-07,4167.18310546875,1451.85302734375,352.7936096191406,158.0,835.6826171875
2022-06-08,4214.4541015625,1445.3968505859375,356.79595947265625,157.10000610351562,829.743896484375
2022-06-09,4268.75732421875,1459.8509521484375,359.578125,157.64999389648438,835.0478515625
2022-06-10,4230.4228515625,1423.04150390625,348.79119873046875,150.9499969482422,834.1866455078125
2022-06-13,3991.57666015625,1372.645263671875,329.90203857421875,143.60000610351562,825.7545166015625
2022-06-14,4093.444580078125,1388.111083984375,340.3471984863281,149.9499969482422,818.5010986328125
2022-06-15,4103.84521484375,1370.4288330078125,342.4460144042969,161.85000610351562,819.5891723632812
2022-06-16,3966.57373046875,1346.3389892578125,334.9781494140625,151.1999969482422,792.3888549804688
2022-06-17,3909.926513671875,1336.7994384765625,322.5806579589844,151.39999389648438,774.391357421875
2022-06-20,3864.559814453125,1362.6719970703125,314.42950439453125,141.5,764.1458740234375
2022-06-21,4022.390869140625,1397.12060546875,327.36395263671875,142.75,783.1860961914062
2022-06-22,3928.1416015625,1384.93115234375,334.3924865722656,137.1999969482422,774.9806518554688
2022-06-23,4036.601318359375,1399.5777587890625,344.251953125,135.5500030517578,778.1087646484375
2022-06-24,3939.666259765625,1388.6409912109375,353.0376281738281,138.60000610351562,803.8582153320312
2022-06-27,4066.1943359375,1420.9215087890625,364.2149658203125,137.39999389648438,811.2477416992188
2022-06-28,4124.11083984375,1426.2694091796875,360.9935607910156,135.1999969482422,807.3037109375
2022-06-29,3991.57666015625,1409.984619140625,362.1162109375,131.10000610351562,801.2742919921875
2022-06-30,3911.438232421875,1408.6837158203125,344.837646484375,148.1999969482422,794.383544921875
2022-07-01,3936.380126953125,1425.546875,341.128173828125,146.25,796.876953125
2022-07-04,3912.126953125,1433.8336181640625,336.6377258300781,146.85000610351562,798.8262939453125
2022-07-05,3895.3515625,1422.2222900390625,335.85675048828125,143.89999389648438,799.3702392578125
2022-07-06,3948.186767578125,1437.350830078125,331.8544006347656,144.60000610351562,786.9488525390625
2022-07-07,3980.114013671875,1444.1441650390625,332.39129638671875,144.1999969482422,804.6289672851562
2022-07-08,4002.3505859375,1459.3209228515625,335.4662780761719,141.25,816.959716796875
2022-07-11,3891.809326171875,1419.5242919921875,329.706787109375,143.39999389648438,808.5276489257812
2022-07-12,3920.883544921875,1386.23193359375,328.7305908203125,144.75,801.0929565429688
2022-07-13,3950.794189453125,1391.8690185546875,337.4674987792969,144.0500030517578,807.711669921875
2022-07-14,3811.22802734375,1376.8367919921875,312.7014465332031,141.14999389648438,816.4610595703125
2022-07-15,3910.552734375,1378.2823486328125,304.87286376953125,140.5,818.2291259765625
2022-07-18,4147.869140625,1435.66455078125,313.14459228515625,140.10000610351562,813.1063232421875
2022-07-19,4241.53662109375,1430.1239013671875,322.7949523925781,139.14999389648438,821.7197875976562
2022-07-20,4373.0830078125,1460.139892578125,330.1312255859375,139.6999969482422,830.6959228515625
2022-07-21,4457.01025390625,1477.099365234375,333.2331237792969,138.0500030517578,850.008056640625
2022-07-22,4432.2646484375,1451.4676513671875,328.4079284667969,137.9499969482422,844.4773559570312
2022-07-25,4428.32861328125,1448.8658447265625,327.6694030761719,139.1999969482422,824.3944702148438
2022-07-26,4244.4384765625,1398.3251953125,314.5724792480469,136.60000610351562,814.2396850585938
2022-07-27,4341.84423828125,1417.500732421875,321.0224609375,133.5500030517578,818.7731323242188
2022-07-28,4574.24169921875,1462.16357421875,324.2720642089844,133.4499969482422,827.3411865234375
2022-07-29,4654.57666015625,1493.28759765625,330.8697814941406,141.1999969482422,848.0133666992188
2022-08-01,4692.25927734375,1494.5885009765625,337.17205810546875,136.25,868.4588012695312
2022-08-02,4615.466796875,1487.4097900390625,329.44189453125,136.39999389648438,888.0885009765625
2022-08-03,4708.88818359375,1509.0908203125,337.1228332519531,134.10000610351562,964.2491455078125
2022-08-04,4826.26611328125,1541.6602783203125,344.8036804199219,134.35000610351562,988.2306518554688
2022-08-05,4846.04296875,1557.8006591796875,340.6678466796875,134.3000030517578,986.190673828125
2022-08-08,4821.29833984375,1560.450439453125,338.3537292480469,133.3000030517578,964.8837280273438
2022-08-10,4778.39990234375,1544.1175537109375,330.8697814941406,131.25,953.9129638671875
2022-08-11,4920.966796875,1560.98046875,337.861328125,129.89999389648438,962.4811401367188
2022-08-12,4832.3173828125,1536.0714111328125,335.35028076171875,131.60000610351562,970.867919921875
2022-08-16,4808.31005859375,1538.3359375,330.7712707519531,128.60000610351562,968.6011962890625
2022-08-17,4881.16845703125,1547.7791748046875,333.823974609375,130.1999969482422,979.390625
2022-08-18,4844.8623046875,1525.3272705078125,329.3926696777344,126.69999694824219,968.9185791015625
2022-08-19,4813.9189453125,1538.962158203125,326.4384460449219,126.55000305175781,946.931640625
2022-08-22,4645.67236328125,1518.2930908203125,318.0682678222656,125.94999694824219,941.9450073242188
2022-08-23,4589.68798828125,1486.25341796875,316.3941955566406,127.80000305175781,936.1422119140625
2022-08-24,4583.39111328125,1481.53173828125,315.40948486328125,130.5500030517578,942.3529663085938
2022-08-25,4557.12158203125,1462.88623046875,318.9544982910156,131.8000030517578,1017.7429809570312
2022-08-26,4583.93310546875,1466.1624755859375,316.7388610839844,130.9499969482422,1036.6925048828125
2022-08-29,4399.845703125,1408.5391845703125,307.3839111328125,129.4499969482422,1005.3215942382812
2022-08-30,4566.9609375,1438.603515625,316.44342041015625,133.8000030517578,1019.1483764648438
2022-09-01,4460.84716796875,1410.9000244140625,316.98504638671875,132.75,1027.2176513671875
2022-09-02,4449.1875,1400.1077880859375,316.049560546875,130.3000030517578,1011.2150268554688
2022-09-05,4424.0986328125,1408.105712890625,317.5758972167969,128.6999969482422,1007.9508666992188
2022-09-06,4389.2685546875,1402.13134765625,318.2652282714844,127.30000305175781,1010.9884033203125
2022-09-07,4437.626953125,1404.5885009765625,313.0953674316406,129.35000610351562,1014.8416748046875
2022-09-08,4450.61474609375,1422.17431640625,313.44000244140625,130.14999389648438,1021.0069580078125
2022-09-09,4598.3466796875,1456.6229248046875,323.73046875,130.8000030517578,1023.4550170898438
2022-09-12,4734.61669921875,1480.2791748046875,332.8884582519531,131.0500030517578,1058.7247314453125
2022-09-13,4700.96728515625,1488.710693359375,329.8358154296875,135.8000030517578,1074.9996337890625
2022-09-14,4543.986328125,1421.6923828125,319.54534912109375,142.10000610351562,1062.1246337890625
2022-09-15,4522.43896484375,1380.6431884765625,314.3262939453125,144.8000030517578,1063.258056640625
2022-09-16,4308.98193359375,1326.922607421875,303.395751953125,140.75,1020.4629516601562
2022-09-19,4284.08984375,1339.690185546875,295.567138671875,145.64999389648438,1034.244384765625
2022-09-20,4334.8095703125,1338.00390625,300.1461181640625,148.5,1054.599365234375
2022-09-21,4339.876953125,1327.115234375,297.88128662109375,143.89999389648438,1036.7830810546875
2022-09-22,4360.43994140625,1318.1536865234375,298.9644775390625,146.10000610351562,1037.780517578125
2022-09-23,4346.763671875,1315.7447509765625,294.5823974609375,143.64999389648438,1034.3804931640625
2022-09-26,4339.876953125,1330.0059814453125,286.2614440917969,138.9499969482422,1015.8389892578125
2022-09-27,4440.38134765625,1342.8218994140625,286.4584045410156,138.64999389648438,1010.534912109375
2022-09-28,4453.27099609375,1343.929931640625,280.9438781738281,137.8000030517578,1021.3242797851562
2022-09-29,4368.75439453125,1347.736328125,276.5126037597656,137.89999389648438,1015.6123657226562
2022-09-30,4386.07080078125,1361.997314453125,278.1374206542969,139.3000030517578,1020.7802124023438
2022-10-03,4379.03564453125,1343.0146484375,274.6415710449219,138.0,1031.614990234375
2022-10-04,4514.22314453125,1377.366943359375,282.5686950683594,138.85000610351562,1035.1058349609375
2022-10-06,4591.16357421875,1402.1795654296875,290.64349365234375,144.35000610351562,1045.913330078125
2022-10-07,4570.453125,1398.3731689453125,289.1663818359375,142.25,1036.7103271484375
2022-10-10,4621.86181640625,1409.4066162109375,284.68585205078125,157.8000030517578,1000.7013549804688
2022-10-11,4530.556640625,1371.9708251953125,277.39886474609375,157.25,1003.5328979492188
2022-10-12,4567.55029296875,1376.6922607421875,278.8266906738281,166.89999389648438,1012.9717407226562
2022-10-13,4522.783203125,1368.212646484375,276.1679382324219,170.64999389648438,1010.3289794921875
2022-10-14,4593.37841796875,1420.584228515625,278.4820251464844,165.10000610351562,1001.55078125
2022-10-17,4567.107421875,1435.712646484375,277.3003845214844,167.5500030517578,995.6044921875
2022-10-18,4646.36083984375,1448.962158203125,277.1034240722656,169.5,1044.544677734375
2022-10-19,4619.0087890625,1431.37646484375,268.0439147949219,166.39999389648438,1137.658447265625
2022-10-20,4681.978515625,1446.26416015625,281.6331787109375,168.39999389648438,1149.0321044921875
2022-10-21,4688.52099609375,1445.878662109375,276.1186828613281,163.6999969482422,1125.85986328125
2022-10-24,4662.00439453125,1462.59716796875,277.84197998046875,163.25,1124.302490234375
2022-10-25,4732.25537109375,1470.739501953125,269.9148864746094,166.1999969482422,1113.9669189453125
2022-10-27,4600.9541015625,1484.5234375,266.0744323730469,161.14999389648438,1152.429931640625
2022-10-28,4510.3369140625,1474.1002197265625,259.0335693359375,162.85000610351562,1135.39306640625
2022-10-31,4663.5302734375,1497.8690185546875,266.71453857421875,160.1999969482422,1209.1572265625
2022-11-01,4767.62646484375,1532.304443359375,275.42840576171875,159.5500030517578,1198.4913330078125
2022-11-02,4781.59765625,1513.1141357421875,276.6661682128906,156.0500030517578,1259.1829833984375
2022-11-03,4761.08349609375,1491.1474609375,275.2798767089844,154.39999389648438,1241.390625
2022-11-04,4729.50048828125,1474.830810546875,271.41802978515625,154.35000610351562,1222.6546630859375
2022-11-07,4782.1884765625,1468.4501953125,268.9425048828125,150.1999969482422,1236.624267578125
2022-11-09,4759.16455078125,1472.103271484375,271.6160583496094,144.5500030517578,1317.136962890625
2022-11-10,4784.205078125,1463.092529296875,269.9822082519531,150.10000610351562,1400.3873291015625
2022-11-11,4976.55712890625,1529.4794921875,279.29022216796875,141.25,1388.871826171875
2022-11-14,5072.6845703125,1544.2862548828125,282.5579528808594,142.4499969482422,1464.38232421875
2022-11-15,5052.76025390625,1552.7611083984375,279.73583984375,144.4499969482422,1486.1859130859375
2022-11-16,4966.76708984375,1561.33349609375,276.7156982421875,142.39999389648438,1493.26513671875
2022-11-17,4850.61865234375,1546.3319091796875,272.75482177734375,142.1999969482422,1475.1898193359375
2022-11-18,4817.06689453125,1552.1766357421875,283.152099609375,143.5,1440.1246337890625
2022-11-21,4690.09521484375,1527.6285400390625,276.51763916015625,139.9499969482422,1450.7904052734375
2022-11-22,4679.5673828125,1544.042724609375,271.8636169433594,138.8000030517578,1462.06982421875
2022-11-23,4665.6943359375,1542.19189453125,275.62646484375,139.35000610351562,1446.9677734375
2022-11-24,4865.91748046875,1587.6348876953125,289.43994140625,137.5500030517578,1452.7254638671875
2022-11-25,4858.7841796875,1593.3336181640625,291.0242919921875,138.6999969482422,1438.5201416015625
2022-11-28,4861.736328125,1581.4005126953125,296.66851806640625,137.4499969482422,1447.2982177734375
2022-11-29,4833.05517578125,1586.9044189453125,292.65814208984375,136.10000610351562,1588.2664794921875
2022-11-30,4760.640625,1592.651611328125,302.26324462890625,137.10000610351562,1525.545654296875
2022-12-01,4760.640625,1614.228515625,320.6317138671875,139.89999389648438,1562.8291015625
2022-12-02,4760.640625,1595.525390625,328.3058776855469,145.35000610351562,1611.486083984375
2022-12-05,4895.28759765625,1597.3275146484375,326.2264709472656,142.14999389648438,1592.702880859375
2022-12-06,4738.0107421875,1571.1722412109375,320.53271484375,137.89999389648438,1527.197509765625
2022-12-07,4612.12109375,1563.963623046875,314.44287109375,144.60000610351562,1462.9664306640625
2022-12-08,4485.39501953125,1578.234619140625,320.6812438964844,140.8000030517578,1476.9359130859375
2022-12-09,4330.8740234375,1528.7001953125,306.3231201171875,140.0,1453.9525146484375
2022-12-12,4261.21435546875,1507.171875,304.5902404785156,139.39999389648438,1452.8197021484375
2022-12-13,4248.275390625,1531.4764404296875,302.9563903808594,143.5,1453.669189453125
2022-12-14,4371.607421875,1538.538818359375,309.3927917480469,140.35000610351562,1515.4462890625
2022-12-15,4261.55810546875,1500.645263671875,300.9759826660156,141.85000610351562,1504.7802734375
2022-12-16,4266.52734375,1482.818603515625,299.5896301269531,137.60000610351562,1466.1285400390625
2022-12-19,4302.193359375,1468.352783203125,297.708251953125,138.10000610351562,1427.3350830078125
2022-12-20,4291.9609375,1468.30419921875,295.9258728027344,138.4499969482422,1420.350341796875
2022-12-21,4353.01171875,1470.4959716796875,296.718017578125,139.39999389648438,1350.267333984375
2022-12-22,4307.998046875,1482.672607421875,293.3512878417969,130.5,1275.181640625
2022-12-23,4197.8505859375,1458.3680419921875,277.2108154296875,122.25,1234.35888671875
2022-12-26,4278.92431640625,1463.531005859375,288.7962951660156,130.6999969482422,1271.2645263671875
2022-12-27,4319.75634765625,1475.6588134765625,294.2920227050781,140.89999389648438,1303.828369140625
2022-12-28,4262.2470703125,1471.0804443359375,290.5291748046875,134.9499969482422,1366.8323974609375
2022-12-29,4349.02734375,1478.2890625,290.23211669921875,131.85000610351562,1388.1168212890625
2022-12-30,4295.109375,1469.1807861328125,295.82684326171875,133.8000030517578,1373.958740234375
2023-01-02,4252.50634765625,1484.572021484375,294.4405517578125,134.8000030517578,1363.81201171875
2023-01-03,4279.12060546875,1483.15966796875,296.66851806640625,133.5500030517578,1332.144775390625
2023-01-04,4209.06787109375,1456.127685546875,291.865966796875,130.35000610351562,1346.822021484375
2023-01-05,4191.603515625,1437.0345458984375,288.8458251953125,133.6999969482422,1350.8807373046875
2023-01-06,4130.01171875,1411.025390625,280.87457275390625,135.89999389648438,1328.038818359375
2023-01-09,4226.0888671875,1446.0452880859375,290.7767333984375,136.25,1340.309326171875
2023-01-10,4163.4638671875,1431.7255859375,287.509033203125,133.10000610351562,1394.9127197265625
2023-01-11,4157.4619140625,1433.186767578125,291.4203796386719,132.6999969482422,1386.465087890625
2023-01-12,4207.2958984375,1442.294921875,286.8653869628906,131.5,1364.5670166015625
2023-01-13,4218.4140625,1464.74853515625,290.8262634277344,132.1999969482422,1399.34912109375
2023-01-16,4208.1328125,1486.0333251953125,293.9454345703125,131.85000610351562,1424.8338623046875
2023-01-17,4205.42724609375,1499.6710205078125,293.3512878417969,131.5500030517578,1441.021240234375
2023-01-18,4204.93505859375,1505.41845703125,291.865966796875,129.5,1463.0609130859375
2023-01-19,4170.4990234375,1499.0865478515625,291.91546630859375,131.9499969482422,1458.2470703125
2023-01-20,4199.32666015625,1486.08203125,288.8458251953125,131.35000610351562,1538.099365234375
2023-01-23,4298.50390625,1507.951171875,299.7381896972656,128.60000610351562,1580.007568359375
2023-01-24,4436.83935546875,1511.7503662109375,303.1544189453125,127.5999984741211,1558.392822265625
2023-01-25,4359.30859375,1503.08056640625,293.05426025390625,128.64999389648438,1369.1920166015625
2023-01-27,4328.21728515625,1479.8475341796875,288.05364990234375,126.0,1321.7620849609375
2023-01-30,4377.2646484375,1498.9892578125,291.91546630859375,124.5999984741211,1332.144775390625
2023-01-31,4317.61865234375,1494.06982421875,298.99554443359375,126.55000305175781,1340.6396484375
2023-02-01,4336.9404296875,1510.970947265625,293.103759765625,125.69999694824219,1305.8104248046875
2023-02-02,4534.26318359375,1542.7763671875,269.3385925292969,127.30000305175781,1303.9222412109375
2023-02-03,4449.71044921875,1558.0213623046875,265.1796569824219,123.5999984741211,1232.310546875
2023-02-06,4542.4658203125,1529.2359619140625,281.0231018066406,120.5999984741211,1207.7620849609375
2023-02-07,4540.68701171875,1521.9786376953125,274.9828186035156,120.44999694824219,1222.6268310546875
2023-02-08,4659.73291015625,1549.3516845703125,284.83544921875,120.30000305175781,1233.2305908203125
2023-02-09,4640.90478515625,1575.166015625,285.47906494140625,120.05000305175781,1214.492431640625
2023-02-10,4636.90185546875,1566.9346923828125,289.5885009765625,120.5,1192.3165283203125
2023-02-13,4567.125,1526.89794921875,284.7364196777344,115.8499984741211,1168.1070556640625
2023-02-14,4582.59228515625,1552.030517578125,284.9839782714844,113.80000305175781,1131.3087158203125
2023-02-15,4687.5546875,1555.7322998046875,290.1825866699219,114.5999984741211,1114.84619140625
2023-02-16,4890.3125,1560.3592529296875,292.7571716308594,117.19999694824219,1147.0447998046875
2023-02-17,4801.658203125,1542.8250732421875,288.3507385253906,118.05000305175781,1124.142578125
2023-02-20,4829.8759765625,1551.2510986328125,288.54876708984375,114.5999984741211,1127.7740478515625
2023-02-21,4822.01806640625,1538.63623046875,284.29083251953125,114.5,1138.5714111328125
2023-02-22,4749.2763671875,1521.3941650390625,279.78533935546875,112.30000305175781,1122.544677734375
2023-02-23,4797.01318359375,1510.581298828125,280.28045654296875,107.6500015258789,1101.4825439453125
2023-02-24,4796.96337890625,1510.53271484375,280.18145751953125,108.69999694824219,1106.324462890625
2023-02-27,4719.32958984375,1470.25244140625,275.0323181152344,106.3499984741211,1078.38671875
2023-02-28,4666.9970703125,1449.0650634765625,272.5567932128906,105.6500015258789,1108.2127685546875
2023-03-01,4688.4931640625,1457.34521484375,274.2896423339844,104.25,1108.6485595703125
2023-03-02,4650.689453125,1434.0635986328125,273.8935852050781,105.05000305175781,1134.26220703125
2023-03-03,4655.43359375,1441.0286865234375,277.7554016113281,104.30000305175781,1134.9400634765625
2023-03-06,4764.9912109375,1468.4501953125,285.4295654296875,103.9000015258789,1120.51123046875
2023-03-08,4725.70458984375,1454.081787109375,283.3006286621094,103.5999984741211,1110.4400634765625
2023-03-09,4682.76123046875,1442.10009765625,278.5475769042969,102.9000015258789,1115.863037109375
2023-03-10,4586.00244140625,1433.4791259765625,276.567138671875,100.8499984741211,1119.736572265625
2023-03-13,4562.18359375,1397.9720458984375,273.59649658203125,95.9000015258789,1098.0931396484375
2023-03-14,4513.70556640625,1383.2628173828125,271.3190002441406,89.80000305175781,1073.0606689453125
2023-03-15,4538.759765625,1382.921875,271.962646484375,92.19999694824219,1071.608154296875
2023-03-16,4499.966796875,1367.7740478515625,268.1998291015625,90.44999694824219,1043.3314208984375
2023-03-17,4619.4580078125,1383.944580078125,273.84405517578125,89.1500015258789,1136.8768310546875
2023-03-20,4623.70751953125,1367.335693359375,270.32879638671875,85.75,1103.5162353515625
2023-03-21,4619.6064453125,1354.720703125,265.0311279296875,85.0,1214.6376953125
2023-03-22,4595.5400390625,1353.308349609375,269.3385925292969,93.5,1203.114013671875
2023-03-23,4548.24755859375,1338.9886474609375,265.3777160644531,87.69999694824219,1179.4371337890625
2023-03-24,4547.80322265625,1344.9307861328125,262.1100158691406,91.4000015258789,1148.8846435546875
2023-03-27,4504.5634765625,1353.0159912109375,258.29766845703125,94.55000305175781,1115.330322265625
2023-03-28,4501.7958984375,1341.9595947265625,249.28672790527344,90.69999694824219,1112.1832275390625
2023-03-29,4566.68017578125,1347.755859375,253.00001525878906,86.4000015258789,1115.37890625
2023-03-31,4704.15869140625,1391.0069580078125,258.5947265625,93.3499984741211,1181.1317138671875
2023-04-03,4684.58935546875,1374.3494873046875,264.0904541015625,99.55000305175781,1219.382568359375
2023-04-05,4777.09814453125,1386.720947265625,264.8330993652344,100.44999694824219,1256.810546875
2023-04-06,4717.60009765625,1385.113525390625,263.39727783203125,107.0999984741211,1292.7857666015625
2023-04-10,4741.46875,1390.6661376953125,264.13995361328125,112.5,1220.98046875
2023-04-11,4716.759765625,1369.77099609375,263.19921875,113.55000305175781,1261.458740234375
2023-04-12,4771.41552734375,1391.3480224609375,267.16009521484375,113.5,1300.0001220703125
2023-04-13,4592.22900390625,1353.259521484375,260.5256652832031,124.69999694824219,1300.9202880859375
2023-04-17,4282.08740234375,1225.7462158203125,256.0201721191406,134.10000610351562,1294.286865234375
2023-04-18,4268.2509765625,1226.7689208984375,260.7732238769531,132.1999969482422,1397.85498046875
2023-04-19,4145.64697265625,1200.3214111328125,255.57460021972656,138.5,1347.789794921875
2023-04-20,4104.43310546875,1191.7491455078125,256.36676025390625,136.8000030517578,1382.02197265625
2023-04-21,4122.22314453125,1195.596923828125,254.48533630371094,138.0500030517578,1394.61083984375
2023-04-24,4134.67626953125,1194.5740966796875,262.30804443359375,138.6999969482422,1397.9033203125
2023-04-25,4137.591796875,1193.2103271484375,262.6546325683594,136.35000610351562,1376.06640625
2023-04-26,4111.6484375,1195.791748046875,264.8330993652344,137.0,1358.1513671875
2023-04-27,4269.78271484375,1214.0078125,268.5464172363281,139.10000610351562,1360.572265625
2023-04-28,4367.9248046875,1220.3397216796875,270.279296875,137.35000610351562,1359.9913330078125
2023-05-02,4495.22314453125,1244.400634765625,275.5769348144531,135.25,1359.216552734375
2023-05-03,4445.55908203125,1236.3154296875,272.85382080078125,134.1999969482422,1366.2857666015625
2023-05-04,4448.5732421875,1240.6016845703125,284.1918029785156,139.10000610351562,1397.2254638671875
2023-05-05,4435.52783203125,1226.525390625,278.8941650390625,137.14999389648438,1250.7581787109375
2023-05-08,4465.1279296875,1232.8572998046875,284.9344787597656,134.60000610351562,1249.59619140625
2023-05-09,4568.755859375,1237.8253173828125,305.23388671875,140.35000610351562,1242.8175048828125
2023-05-10,4541.1318359375,1230.5679931640625,303.9961242675781,143.89999389648438,1234.7315673828125
2023-05-11,4603.8916015625,1223.60302734375,303.10491943359375,148.25,1235.2156982421875
2023-05-12,4632.5537109375,1212.9849853515625,304.4912414550781,148.9499969482422,1225.19287109375
2023-05-15,4652.2705078125,1225.7947998046875,305.5804748535156,142.8000030517578,1226.59716796875
2023-05-16,4680.83349609375,1231.5909423828125,325.13720703125,143.8000030517578,1218.5595703125
2023-05-17,4684.63916015625,1214.6409912109375,317.90863037109375,139.1999969482422,1238.944091796875
2023-05-18,4657.85498046875,1213.7642822265625,315.8786926269531,135.64999389648438,1238.072509765625
2023-05-19,4747.00341796875,1236.0718994140625,331.37554931640625,135.1999969482422,1231.7294921875
2023-05-22,4929.30322265625,1259.3536376953125,336.7722473144531,139.64999389648438,1234.489501953125
2023-05-23,4801.2138671875,1266.416015625,331.4745788574219,137.85000610351562,1224.660400390625
2023-05-24,4770.0810546875,1265.05224609375,327.563232421875,137.10000610351562,1226.3551025390625
2023-05-25,4853.298828125,1270.604736328125,332.11822509765625,138.75,1234.1021728515625
2023-05-26,4942.7939453125,1283.36572265625,336.1781311035156,137.4499969482422,1264.2186279296875
2023-05-29,4930.73583984375,1280.394775390625,336.2276306152344,146.5,1286.878662109375
2023-05-30,4933.05859375,1289.6002197265625,333.405517578125,145.10000610351562,1315.203857421875
2023-05-31,4940.125,1284.19384765625,340.13897705078125,138.35000610351562,1312.589111328125
2023-06-01,4911.3642578125,1285.36279296875,340.4855651855469,136.0,1321.35302734375
2023-06-02,4935.92431640625,1282.401123046875,344.3968811035156,135.60000610351562,1306.3431396484375
2023-06-05,4885.56884765625,1287.8309326171875,343.06011962890625,136.0,1300.3392333984375
2023-06-06,4827.89892578125,1262.65673828125,340.1884765625,136.0500030517578,1311.1849365234375
2023-06-07,4845.09619140625,1272.4794921875,337.11883544921875,137.60000610351562,1310.8460693359375
2023-06-08,4749.17822265625,1266.408203125,330.43487548828125,135.60000610351562,1287.8470458984375
2023-06-09,4766.8193359375,1249.7734375,325.2857360839844,136.25,1277.001220703125
2023-06-12,4842.23046875,1275.441162109375,334.3957214355469,136.3000030517578,1278.6475830078125
2023-06-13,4887.29833984375,1288.1763916015625,332.61334228515625,134.14999389648438,1298.7413330078125
2023-06-14,4849.49462890625,1283.7833251953125,334.9403381347656,135.64999389648438,1305.955810546875
2023-06-15,4913.19287109375,1270.3570556640625,331.6726379394531,135.0,1298.4024658203125
2023-06-16,4952.18310546875,1275.1451416015625,336.3761901855469,134.8000030517578,1302.2760009765625
2023-06-19,4991.07421875,1277.465087890625,332.0687255859375,135.3000030517578,1307.456787109375
2023-06-20,4963.59814453125,1286.7449951171875,333.9996337890625,133.64999389648438,1322.85400390625
2023-06-21,4942.20068359375,1282.7467041015625,336.2276306152344,130.3000030517578,1311.088134765625
2023-06-22,4967.45263671875,1265.1741943359375,340.8321228027344,130.0,1308.715576171875
2023-06-23,4898.86181640625,1248.8355712890625,340.3370361328125,129.0,1294.3836669921875
2023-06-26,4948.92138671875,1254.1171875,336.8217468261719,125.0999984741211,1295.400390625
2023-06-27,5102.85546875,1262.8048095703125,349.3974914550781,126.1500015258789,1308.957763671875
2023-06-28,5029.5703125,1276.8233642578125,348.3082580566406,125.1500015258789,1291.6722412109375
2023-06-30,5136.607421875,1318.434814453125,355.3883056640625,134.25,1282.085205078125
2023-07-03,5150.59228515625,1316.65771484375,350.7837829589844,142.1999969482422,1296.078369140625
2023-07-04,5189.3349609375,1327.96142578125,350.4867248535156,140.39999389648438,1287.3629150390625
2023-07-05,5180.984375,1330.083984375,350.18963623046875,148.14999389648438,1287.120849609375
2023-07-06,5117.8291015625,1326.7274169921875,350.3381652832031,177.75,1299.4676513671875
2023-07-07,5054.9208984375,1313.202392578125,351.2294006347656,174.9499969482422,1287.1690673828125
2023-07-10,4978.41796875,1312.1658935546875,342.5650329589844,167.8000030517578,1244.1732177734375
2023-07-11,4905.20263671875,1331.3673095703125,351.67498779296875,184.5500030517578,1266.1553955078125
2023-07-12,4797.57080078125,1316.262939453125,345.8822326660156,196.0500030517578,1262.4755859375
2023-07-13,4874.3720703125,1347.656494140625,358.35894775390625,201.5,1245.52880859375
2023-07-14,5073.3994140625,1407.7288818359375,378.07415771484375,194.75,1308.8125
2023-07-17,5114.98779296875,1404.7672119140625,382.30596923828125,203.10000610351562,1347.11181640625
2023-07-18,4981.80517578125,1456.349609375,390.62017822265625,200.1999969482422,1328.85791015625
2023-07-19,4971.1962890625,1456.102783203125,391.8150634765625,203.75,1343.625732421875
2023-07-20,4965.76708984375,1430.97802734375,390.7695617675781,198.0,1350.259033203125
2023-07-21,4903.70849609375,1314.5845947265625,383.9488830566406,191.0,1380.6177978515625
2023-07-24,4860.17724609375,1319.5206298828125,381.7085266113281,188.5,1397.419189453125
2023-07-25,4849.8173828125,1317.5462646484375,376.43121337890625,186.9499969482422,1385.4595947265625
2023-07-26,4841.74853515625,1331.6141357421875,377.67584228515625,188.1999969482422,1396.257080078125
2023-07-27,4843.6416015625,1335.8592529296875,400.4778137207031,188.5500030517578,1371.4180908203125
2023-07-28,4825.3125,1323.370849609375,414.119140625,202.5,1334.5228271484375
2023-07-31,4872.728515625,1338.3765869140625,425.4205322265625,201.39999389648438,1315.4459228515625
2023-08-01,4958.19677734375,1347.7552490234375,430.299560546875,199.1999969482422,1327.2601318359375
2023-08-02,4847.12841796875,1339.511962890625,423.877197265625,198.85000610351562,1310.119873046875
2023-08-03,4851.0625,1346.8668212890625,431.9424743652344,206.89999389648438,1303.6800537109375
2023-08-04,4921.7880859375,1360.7371826171875,436.92108154296875,202.3000030517578,1331.714599609375
2023-08-07,5027.52734375,1375.2000732421875,446.67913818359375,223.1999969482422,1326.9697265625
2023-08-08,5062.89013671875,1372.435791015625,449.6164855957031,227.89999389648438,1312.7828369140625
2023-08-09,5084.45654296875,1376.5821533203125,452.2053527832031,224.5500030517578,1376.69580078125
2023-08-10,5086.79736328125,1371.349853515625,443.39324951171875,223.4499969482422,1377.470458984375
2023-08-11,5087.59423828125,1354.3203125,443.94091796875,221.64999389648438,1363.1385498046875
2023-08-14,5173.21142578125,1375.7430419921875,446.2310485839844,207.35000610351562,1342.4637451171875
2023-08-16,5177.7939453125,1400.3741455078125,449.6164855957031,203.5,1406.86083984375
2023-08-17,5077.83203125,1393.5130615234375,468.0870666503906,213.25,1396.1602783203125
2023-08-18,5065.47998046875,1371.0537109375,451.60791015625,212.4499969482422,1412.18701171875
2023-08-21,5127.638671875,1387.441650390625,460.6191711425781,204.5,1482.007080078125
2023-08-22,5120.01806640625,1385.8126220703125,464.3033142089844,210.39999389648438,1502.2945556640625
2023-08-23,5154.484375,1389.958984375,463.6560974121094,207.4499969482422,1517.4012451171875
2023-08-24,5150.1513671875,1405.408935546875,472.86651611328125,204.0500030517578,1545.1453857421875
2023-08-25,5107.56640625,1401.9537353515625,482.4751892089844,203.85000610351562,1479.2471923828125
2023-08-28,5110.10693359375,1397.5606689453125,482.9730224609375,204.3000030517578,1500.1641845703125
2023-08-29,5116.88037109375,1399.5350341796875,491.5860290527344,221.10000610351562,1480.6998291015625
2023-08-30,5153.6376953125,1416.8114013671875,491.33709716796875,217.0,1547.61474609375
2023-08-31,5173.3115234375,1417.1075439453125,507.51751708984375,213.35000610351562,1523.0662841796875
2023-09-01,5282.83642578125,1425.4002685546875,526.0875854492188,220.25,1544.1285400390625
2023-09-04,5344.9453125,1446.378662109375,516.5784912109375,215.6999969482422,1570.95263671875
2023-09-05,5405.1611328125,1460.00244140625,522.5528564453125,218.75,1542.86962890625
2023-09-06,5386.333984375,1458.57080078125,516.4789428710938,213.5,1518.2728271484375
2023-09-07,5464.6796875,1447.464599609375,510.65399169921875,209.1999969482422,1527.7144775390625
2023-09-08,5457.30859375,1450.8211669921875,516.27978515625,217.10000610351562,1523.2598876953125
2023-09-11,5487.341796875,1457.5836181640625,506.2230529785156,210.85000610351562,1494.499267578125
2023-09-12,5484.15478515625,1481.918701171875,495.021240234375,195.8000030517578,1437.2196044921875
2023-09-13,5517.67431640625,1479.203857421875,491.98431396484375,196.0500030517578,1439.7374267578125
2023-09-14,5477.3310546875,1487.69384765625,503.58441162109375,200.8000030517578,1475.5189208984375
2023-09-15,5511.3984375,1492.2845458984375,501.8418884277344,195.89999389648438,1471.69384765625
2023-09-18,5492.42236328125,1472.737548828125,486.9559020996094,192.1999969482422,1448.4527587890625
2023-09-20,5452.2783203125,1471.2073974609375,482.9232482910156,187.25,1470.77392578125
2023-09-21,5373.28466796875,1482.5604248046875,489.1962585449219,187.64999389648438,1472.904296875
2023-09-22,5406.505859375,1477.031982421875,485.9601745605469,184.9499969482422,1464.5762939453125
2023-09-25,5356.30078125,1455.3131103515625,486.3086853027344,183.4499969482422,1521.03271484375
2023-09-26,5342.30517578125,1441.985595703125,481.6786193847656,178.64999389648438,1540.9814453125
2023-09-27,5415.86962890625,1448.25439453125,489.3954162597656,180.0,1540.10986328125
2023-09-28,5244.53466796875,1421.056396484375,472.41845703125,186.5500030517578,1527.811279296875
2023-09-29,5189.69775390625,1417.1075439453125,481.28033447265625,184.8000030517578,1579.1839599609375
2023-10-03,5192.58642578125,1415.6761474609375,494.7225341796875,197.0,1622.809326171875
2023-10-04,5166.1396484375,1425.893798828125,489.29583740234375,211.5500030517578,1611.1888427734375
2023-10-05,5206.0341796875,1444.749755859375,511.15185546875,213.9499969482422,1586.1561279296875
2023-10-06,5218.9345703125,1459.804931640625,510.5046691894531,212.75,1656.9830322265625
2023-10-09,5186.31103515625,1456.596435546875,513.5415649414062,208.6999969482422,1685.1461181640625
2023-10-10,5245.9794921875,1476.0447998046875,536.7915649414062,203.6999969482422,1654.714111328125
2023-10-11,5224.1640625,1475.3043212890625,537.837158203125,215.9499969482422,1662.1124267578125
2023-10-12,5134.81103515625,1446.7735595703125,541.4216918945312,214.8000030517578,1689.23974609375
2023-10-13,5075.44140625,1412.862548828125,541.1727905273438,213.0500030517578,1665.3184814453125
2023-10-16,5142.4814453125,1415.82421875,541.7702026367188,208.85000610351562,1686.625732421875
2023-10-17,5193.58251953125,1424.01806640625,552.1256713867188,205.1999969482422,1666.304931640625
2023-10-18,5135.25927734375,1422.1424560546875,544.309326171875,203.85000610351562,1661.915283203125
2023-10-19,5436.6884765625,1415.33056640625,547.39599609375,206.85000610351562,1493.18359375
2023-10-20,5395.25,1409.0123291015625,545.7032470703125,204.75,1485.7359619140625
2023-10-23,5181.62890625,1390.6500244140625,524.19580078125,204.85000610351562,1403.8115234375
2023-10-25,5183.919921875,1370.050048828125,523.0506591796875,206.0,1371.01220703125
2023-10-26,5150.5,1359.449951171875,526.6353149414062,220.85000610351562,1372.9359130859375
2023-10-27,5171.0,1380.3499755859375,540.0775146484375,246.89999389648438,1411.505859375
2023-10-30,5149.2001953125,1377.050048828125,539.7289428710938,252.25,1368.299560546875
2023-10-31,5060.39990234375,1368.4000244140625,545.3049926757812,243.1999969482422,1355.1798095703125
2023-11-01,4998.7001953125,1354.1500244140625,571.7413330078125,253.85000610351562,1338.5089111328125
2023-11-02,5020.0498046875,1370.1500244140625,575.226318359375,253.0,1361.83837890625
2023-11-03,5134.9501953125,1389.050048828125,585.2332763671875,252.4499969482422,1392.664794921875
2023-11-06,5149.64990234375,1403.300048828125,594.8917846679688,245.10000610351562,1372.048095703125
2023-11-07,5186.9501953125,1404.300048828125,581.3499755859375,234.39999389648438,1367.3624267578125
2023-11-08,5233.39990234375,1391.0,581.5499877929688,237.14999389648438,1372.738525390625
2023-11-09,5254.7001953125,1374.800048828125,583.0,241.14999389648438,1362.62744140625
2023-11-10,5262.14990234375,1368.8499755859375,583.4000244140625,241.14999389648438,1377.078857421875
2023-11-13,5261.10009765625,1373.550048828125,583.25,253.4499969482422,1352.072509765625
2023-11-15,5401.64990234375,1410.5,612.4500122070312,248.0,1348.915771484375
2023-11-16,5519.5,1444.9000244140625,619.0,242.9499969482422,1379.4464111328125
2023-11-17,5518.5,1437.550048828125,622.5999755859375,244.5500030517578,1383.244140625
2023-11-20,5556.10009765625,1436.5999755859375,621.4000244140625,252.60000610351562,1390.2479248046875
2023-11-21,5520.25,1439.0,615.9000244140625,261.54998779296875,1383.3922119140625
2023-11-22,5553.64990234375,1457.800048828125,624.7999877929688,269.75,1363.0714111328125
2023-11-23,5471.35009765625,1449.25,622.2000122070312,260.54998779296875,1355.2784423828125
2023-11-24,5472.60009765625,1437.4000244140625,613.8499755859375,255.35000610351562,1357.5965576171875
2023-11-28,5479.25,1442.699951171875,611.7000122070312,259.70001220703125,1364.255126953125
2023-11-29,5588.5,1459.5999755859375,628.1500244140625,260.0,1362.43017578125
2023-11-30,5536.7001953125,1455.1500244140625,630.3499755859375,257.04998779296875,1360.358642578125
2023-12-01,5577.0498046875,1452.300048828125,634.7000122070312,260.75,1360.358642578125
2023-12-04,5577.39990234375,1464.3499755859375,635.1500244140625,257.6000061035156,1371.357421875
2023-12-05,5487.64990234375,1453.949951171875,637.5999755859375,261.3999938964844,1378.11474609375
2023-12-06,5639.85009765625,1474.300048828125,653.3499755859375,261.1000061035156,1381.7645263671875
2023-12-07,5567.2001953125,1465.9000244140625,655.3499755859375,259.75,1371.8013916015625
2023-12-08,5708.7001953125,1491.1500244140625,657.75,254.1999969482422,1371.7027587890625
2023-12-11,5770.64990234375,1488.5,660.0499877929688,255.1999969482422,1357.892578125
2023-12-12,5758.0,1476.050048828125,663.9500122070312,256.25,1335.4014892578125
2023-12-13,5727.5,1449.0,671.1500244140625,254.10000610351562,1294.9078369140625
2023-12-14,5944.2998046875,1501.449951171875,700.4000244140625,260.20001220703125,1308.9647216796875
2023-12-15,6129.2998046875,1578.4000244140625,719.5999755859375,256.25,1345.4632568359375
2023-12-18,6139.2001953125,1564.3499755859375,716.4500122070312,250.0500030517578,1379.6436767578125
2023-12-19,6112.75,1558.300048828125,716.7000122070312,244.14999389648438,1378.361328125
2023-12-20,6032.5,1536.4000244140625,706.0,232.25,1352.565673828125
2023-12-21,6111.0498046875,1536.0,723.1500244140625,228.1999969482422,1352.023193359375
2023-12-22,6229.10009765625,1562.9000244140625,741.2000122070312,239.60000610351562,1368.891357421875
2023-12-26,6259.7001953125,1543.949951171875,734.7000122070312,251.5500030517578,1382.60302734375
2023-12-27,6287.2001953125,1567.0999755859375,735.0,264.1000061035156,1407.06689453125
2023-12-28,6253.14990234375,1562.6500244140625,721.25,277.29998779296875,1410.9632568359375
2023-12-29,6294.9501953125,1542.9000244140625,721.0499877929688,291.1499938964844,1396.462646484375
2024-01-01,6261.89990234375,1551.3499755859375,702.3499755859375,295.8500061035156,1403.9595947265625
2024-01-02,6144.0,1534.4000244140625,687.4000244140625,295.75,1399.3233642578125
2024-01-03,5961.0498046875,1490.0,685.75,289.1499938964844,1413.676025390625
2024-01-04,5866.39990234375,1512.699951171875,687.5,288.0,1398.68212890625
2024-01-05,5947.64990234375,1532.550048828125,714.3499755859375,281.95001220703125,1441.1978759765625
2024-01-08,5845.60009765625,1522.800048828125,710.2999877929688,278.3999938964844,1484.4534912109375
2024-01-09,5909.39990234375,1529.300048828125,719.75,281.1499938964844,1516.9075927734375
2024-01-10,5947.5,1519.9000244140625,739.5499877929688,281.1499938964844,1519.521728515625
2024-01-11,5959.9501953125,1494.199951171875,747.0,283.20001220703125,1539.842529296875
2024-01-12,6237.0498046875,1612.75,786.7000122070312,297.3500061035156,1725.73828125
2024-01-15,6237.0498046875,1652.0999755859375,786.25,297.3500061035156,1918.785888671875
2024-01-16,6235.89990234375,1631.550048828125,780.6500244140625,290.0,1849.981201171875
2024-01-17,6275.60009765625,1640.199951171875,798.4500122070312,287.3500061035156,1812.4468994140625
2024-01-18,5603.0,1642.5999755859375,777.8499755859375,283.3999938964844,1869.7593994140625
2024-01-19,5652.14990234375,1659.199951171875,799.1500244140625,296.25,1789.2161865234375
2024-01-23,5638.5,1642.1500244140625,800.75,274.6499938964844,1750.9913330078125
2024-01-24,5619.5498046875,1675.4000244140625,822.7000122070312,281.95001220703125,1811.55908203125
2024-01-25,5494.64990234375,1669.0999755859375,818.25,280.8999938964844,1819.5
2024-01-29,5448.35009765625,1656.5999755859375,832.5999755859375,281.45001220703125,1822.8499755859375
2024-01-30,5352.7998046875,1651.449951171875,845.25,283.8999938964844,1788.0999755859375
2024-01-31,5448.5498046875,1660.9000244140625,848.4500122070312,284.0,1824.4000244140625
2024-02-01,5364.64990234375,1657.050048828125,828.8499755859375,277.25,1822.0999755859375
2024-02-02,5485.85009765625,1693.3499755859375,846.25,279.1000061035156,1802.9000244140625
2024-02-05,5438.4501953125,1687.199951171875,834.1500244140625,277.45001220703125,1771.8499755859375
2024-02-06,5470.2998046875,1729.449951171875,853.4000244140625,276.04998779296875,1816.449951171875
2024-02-07,5447.89990234375,1693.75,833.2000122070312,288.79998779296875,1830.449951171875
2024-02-08,5420.7998046875,1692.0999755859375,837.9000244140625,289.5,1881.5
2024-02-09,5453.2998046875,1669.3499755859375,833.4000244140625,283.29998779296875,1826.050048828125
2024-02-12,5516.5,1680.0999755859375,824.4500122070312,269.8999938964844,1850.25
2024-02-13,5557.14990234375,1684.550048828125,843.1500244140625,267.20001220703125,1857.699951171875
2024-02-14,5505.14990234375,1666.199951171875,833.75,269.0,1972.5
2024-02-15,5522.2998046875,1676.3499755859375,844.25,271.6499938964844,2057.0
2024-02-16,5580.39990234375,1701.6500244140625,842.5999755859375,274.20001220703125,1989.3499755859375
2024-02-19,5514.0498046875,1699.75,831.2000122070312,273.54998779296875,2002.800048828125
2024-02-20,5504.35009765625,1685.25,806.4500122070312,271.3500061035156,1946.0999755859375
2024-02-21,5420.10009765625,1655.550048828125,796.4000244140625,273.1499938964844,1896.300048828125
2024-02-22,5486.75,1681.3499755859375,817.5999755859375,271.95001220703125,1942.0999755859375
2024-02-23,5542.64990234375,1676.8499755859375,810.1500244140625,276.95001220703125,1987.449951171875
2024-02-26,5466.14990234375,1660.1500244140625,779.0499877929688,273.5,1910.050048828125
2024-02-27,5442.7001953125,1663.5999755859375,798.2000122070312,273.25,1869.9000244140625
2024-02-28,5409.9501953125,1671.25,767.4500122070312,262.1499938964844,1841.1500244140625
2024-02-29,5300.85009765625,1673.9000244140625,776.0999755859375,263.5,1831.25
2024-03-01,5273.5498046875,1654.699951171875,774.75,263.25,1834.25
2024-03-04,5216.85009765625,1637.199951171875,783.6500244140625,262.6499938964844,1848.8499755859375
2024-03-05,5131.5498046875,1606.5,758.9500122070312,254.8000030517578,1828.800048828125
2024-03-06,5164.2001953125,1617.550048828125,769.0999755859375,242.10000610351562,1808.3499755859375
2024-03-07,5122.7001953125,1616.449951171875,772.5999755859375,242.39999389648438,1807.3499755859375
2024-03-11,5123.0,1600.5999755859375,774.5999755859375,231.60000610351562,1744.300048828125
2024-03-12,5209.2001953125,1612.949951171875,760.4000244140625,232.4499969482422,1705.0999755859375
2024-03-13,5195.0,1611.4000244140625,723.2999877929688,220.85000610351562,1620.0
2024-03-14,5264.2001953125,1653.300048828125,763.7000122070312,229.0,1704.550048828125
2024-03-15,5194.35009765625,1634.0,755.7000122070312,,1668.3499755859375
2024-03-18,5167.4501953125,1602.6500244140625,727.1500244140625,230.25,1680.0
2024-03-19,5105.7001953125,1561.449951171875,720.9500122070312,233.8000030517578,1636.0
2024-03-20,5101.0498046875,1554.949951171875,717.9000244140625,230.0,1689.800048828125
2024-03-21,5159.89990234375,1554.699951171875,738.9500122070312,231.4499969482422,1742.4000244140625
2024-03-22,5005.0,1508.8499755859375,730.9000244140625,234.14999389648438,1732.3499755859375
2024-03-26,4975.2001953125,1492.6500244140625,744.9000244140625,231.3000030517578,1675.8499755859375
2024-03-27,4927.5,1483.8499755859375,760.4500122070312,229.5,1722.8499755859375
2024-03-28,4938.39990234375,1498.050048828125,742.0,225.10000610351562,1680.25
2024-04-01,4882.60009765625,1495.449951171875,761.75,235.10000610351562,1764.300048828125
2024-04-02,4900.75,1482.8499755859375,767.75,246.85000610351562,1814.5
2024-04-03,4869.2998046875,1480.6500244140625,777.0499877929688,257.0,1847.949951171875
2024-04-04,4935.2001953125,1486.699951171875,779.2999877929688,267.3500061035156,1908.449951171875
2024-04-05,4927.5,1479.0999755859375,749.1500244140625,268.5,1894.9000244140625
2024-04-08,4897.39990234375,1476.699951171875,732.0,280.54998779296875,1871.1500244140625
2024-04-09,4892.64990234375,1494.8499755859375,728.7000122070312,279.79998779296875,1852.5999755859375
2024-04-10,4918.35009765625,1506.800048828125,738.7999877929688,282.8500061035156,1847.800048828125
2024-04-12,4888.89990234375,1484.75,732.2999877929688,280.3999938964844,1858.3499755859375
2024-04-15,4815.14990234375,1468.1500244140625,707.25,276.0,1791.0999755859375
2024-04-16,4662.85009765625,1414.449951171875,708.0999755859375,273.8500061035156,1787.0
